,bitcoinClose,ethereumClose,xrpClose,litecoinClose,tetherClose,date
0,11865.7,433.35,0.299661,59.93,1.0,2020-08-15
1,11768.87,437.4,0.300371,56.75,1.0,2020-08-14
2,11784.14,428.74,0.29780700000000004,57.74,1.02,2020-08-13
3,11584.93,391.02,0.28493,54.97,1.01,2020-08-12
4,11410.53,380.38,0.28444899999999995,54.39,1.0,2020-08-11
5,11878.11,395.89,0.294659,58.29,1.0,2020-08-10
6,11675.74,391.12,0.288653,57.14,1.0,2020-08-09
7,11754.05,393.99,0.294022,58.13,1.0,2020-08-08
8,11601.47,379.51,0.294664,57.25,1.0,2020-08-07
9,11779.77,394.96,0.303584,59.16,1.0,2020-08-06
10,11747.02,401.59,0.303311,59.01,1.0,2020-08-05
11,11205.89,389.88,0.300493,57.53,1.0,2020-08-04
12,11246.35,386.3,0.30994,58.47,1.0,2020-08-03
13,11053.61,370.67,0.287062,56.64,0.997851,2020-08-02
14,11759.59,385.2,0.289529,61.29,0.9970129999999999,2020-08-01
15,11323.47,345.55,0.258904,58.0,1.0,2020-07-31
16,11111.21,334.59,0.244522,56.64,1.0,2020-07-30
17,11100.47,318.19,0.24309899999999998,55.17,1.0,2020-07-29
18,10912.82,316.66,0.230277,55.58,1.0,2020-07-28
19,10990.87,321.51,0.22367199999999998,52.95,1.0,2020-07-27
20,9905.17,309.64,0.214982,47.98,0.998871,2020-07-26
21,9677.11,304.06,0.214102,48.8,0.9980620000000001,2020-07-25
22,9536.89,279.22,0.204049,44.18,0.998993,2020-07-24
23,9581.07,274.69,0.207578,44.85,0.998186,2020-07-23
24,9525.36,262.19,0.203342,44.94,1.0,2020-07-22
25,9374.89,245.02,0.198988,43.62,0.9988940000000001,2020-07-21
26,9164.23,236.15,0.19506500000000002,41.98,1.0,2020-07-20
27,9185.82,238.49,0.19913499999999998,42.55,0.998352,2020-07-19
28,9159.04,235.48,0.19934100000000002,42.43,0.9987950000000001,2020-07-18
29,9151.39,232.77,0.19428099999999998,41.91,0.999616,2020-07-17
30,9132.23,233.64,0.194048,42.04,0.99998,2020-07-16
31,9192.84,238.42,0.19711099999999998,43.28,0.999444,2020-07-15
32,9243.21,240.21,0.19880899999999999,43.8,0.9990459999999999,2020-07-14
33,9243.61,239.6,0.198575,43.92,0.999552,2020-07-13
34,9276.5,242.13,0.20053800000000002,44.64,0.998634,2020-07-12
35,9240.35,239.46,0.20119700000000001,44.68,1.0,2020-07-11
36,9278.81,240.98,0.198652,44.25,0.999986,2020-07-10
37,9277.97,243.02,0.20290999999999998,44.54,1.0,2020-07-09
38,9428.33,246.67,0.204692,45.2,0.9998600000000001,2020-07-08
39,9252.28,239.08,0.18478699999999998,43.32,0.999207,2020-07-07
40,9375.47,241.51,0.188567,43.96,1.0,2020-07-06
41,9073.94,227.66,0.177017,41.6,0.998899,2020-07-05
42,9132.49,229.07,0.177984,42.07,1.0,2020-07-04
43,9087.3,225.39,0.176336,41.21,0.9995209999999999,2020-07-03
44,9123.41,229.39,0.177244,41.49,1.02,2020-07-02
45,9228.33,231.11,0.176976,41.7,1.0,2020-07-01
46,9137.99,226.31,0.17587,41.47,0.9999040000000001,2020-06-30
47,9190.85,228.19,0.17795899999999998,41.85,1.0,2020-06-29
48,9143.58,225.35,0.17769200000000002,41.41,1.0,2020-06-28
49,9045.39,222.96,0.176851,41.56,1.0,2020-06-27
50,9162.92,229.67,0.182671,43.32,0.998956,2020-06-26
51,9264.81,232.94,0.18357,42.56,1.0,2020-06-25
52,9313.61,235.77,0.184272,42.84,1.0,2020-06-24
53,9629.66,244.14,0.18868,44.18,1.0,2020-06-23
54,9648.72,242.53,0.189272,44.19,0.997925,2020-06-22
55,9303.63,228.99,0.18561,43.09,1.0,2020-06-21
56,9332.34,229.27,0.1885,43.35,0.998884,2020-06-20
57,9288.02,227.14,0.18679,42.68,0.9938290000000001,2020-06-19
58,9411.84,232.1,0.190957,43.56,1.0,2020-06-18
59,9480.26,233.03,0.193443,44.03,1.0,2020-06-17
60,9538.02,234.42,0.191307,43.88,1.0,2020-06-16
61,9450.7,229.93,0.193074,43.91,1.0,2020-06-15
62,9386.79,234.11,0.191617,44.08,1.01,2020-06-14
63,9475.28,238.91,0.193106,45.09,1.0,2020-06-13
64,9480.84,237.49,0.193943,44.83,1.0,2020-06-12
65,9321.78,231.7,0.19018,43.51,1.0,2020-06-11
66,9870.09,247.44,0.202938,46.68,1.0,2020-06-10
67,9795.7,244.91,0.202013,46.07,1.0,2020-06-09
68,9771.49,246.31,0.203771,46.47,1.0,2020-06-08
69,9758.85,245.17,0.203449,46.67,1.0,2020-06-07
70,9653.68,241.93,0.20314200000000002,46.73,0.999303,2020-06-06
71,9665.53,241.22,0.204092,47.05,1.0,2020-06-05
72,9800.64,244.43,0.20498200000000003,47.64,1.0,2020-06-04
73,9656.72,244.18,0.203663,47.17,1.0,2020-06-03
74,9529.8,237.22,0.202764,45.92,0.997524,2020-06-02
75,10167.27,246.99,0.210249,48.13,1.0,2020-06-01
76,9461.06,230.98,0.202906,45.59,0.998033,2020-05-31
77,9700.41,242.35,0.20622,47.54,1.0,2020-05-30
78,9439.12,220.68,0.198348,44.65,1.0,2020-05-29
79,9525.75,219.84,0.200595,44.76,1.0,2020-05-28
80,9181.02,208.86,0.197857,43.86,1.0,2020-05-27
81,8835.05,201.9,0.193975,42.43,0.998008,2020-05-26
82,8906.93,205.32,0.197327,42.95,1.0,2020-05-25
83,8790.37,202.37,0.195431,42.45,1.0,2020-05-24
84,9209.29,208.69,0.198856,44.03,1.01,2020-05-23
85,9182.58,207.17,0.200343,44.21,1.0,2020-05-22
86,9081.76,199.88,0.195509,42.74,1.0,2020-05-21
87,9522.98,210.1,0.201707,44.17,0.998948,2020-05-20
88,9729.04,213.45,0.204028,45.38,0.9960190000000001,2020-05-19
89,9726.57,214.53,0.20517600000000003,45.2,1.0,2020-05-18
90,9670.74,207.16,0.201255,43.64,1.0,2020-05-17
91,9377.01,200.68,0.200032,43.21,1.0,2020-05-16
92,9328.2,195.62,0.19891099999999998,42.83,1.0,2020-05-15
93,9733.72,202.95,0.203129,43.95,0.9988600000000001,2020-05-14
94,9269.99,199.19,0.20148,43.13,1.0,2020-05-13
95,8804.48,189.31,0.19763699999999998,42.11,1.0,2020-05-12
96,8601.8,185.91,0.19406400000000001,41.7,0.9983639999999999,2020-05-11
97,8756.43,188.6,0.198176,42.37,1.0,2020-05-10
98,9593.9,211.6,0.216902,47.27,1.0,2020-05-09
99,9842.67,212.99,0.219827,47.88,1.0,2020-05-08
100,9951.52,212.29,0.218917,47.33,1.0,2020-05-07
101,9268.76,204.06,0.21520999999999998,45.94,1.02,2020-05-06
102,9003.07,206.77,0.21646300000000002,46.79,1.0,2020-05-05
103,8912.65,208.17,0.21896300000000002,47.47,1.01,2020-05-04
104,8897.47,210.93,0.219414,48.27,1.0,2020-05-03
105,8988.6,215.33,0.22391399999999997,49.46,1.0,2020-05-02
106,8864.77,214.22,0.219248,47.79,1.01,2020-05-01
107,8658.55,207.6,0.212761,46.71,1.01,2020-04-30
108,8801.04,216.97,0.22743200000000002,49.18,1.01,2020-04-29
109,7807.06,198.42,0.215484,46.03,1.01,2020-04-28
110,7795.6,197.22,0.197978,44.71,1.0,2020-04-27
111,7679.87,197.32,0.196805,44.69,1.0,2020-04-26
112,7569.94,195.52,0.195054,44.71,1.0,2020-04-25
113,7550.9,189.24,0.193665,44.81,1.01,2020-04-24
114,7429.72,185.03,0.191711,42.94,0.997692,2020-04-23
115,7117.21,182.6,0.18797,41.89,1.0,2020-04-22
116,6880.32,172.74,0.184328,41.04,1.01,2020-04-21
117,6881.96,172.3,0.18349000000000001,40.83,1.0,2020-04-20
118,7189.42,181.61,0.190859,42.63,1.01,2020-04-19
119,7257.66,186.91,0.194925,44.36,1.0,2020-04-18
120,7096.18,171.64,0.190202,42.75,1.01,2020-04-17
121,7116.8,172.16,0.190104,42.69,1.0,2020-04-16
122,6642.11,153.29,0.18127000000000001,39.59,0.9995290000000001,2020-04-15
123,6842.43,157.6,0.185335,41.05,0.996806,2020-04-14
124,6845.04,156.28,0.18773199999999998,41.2,1.0,2020-04-13
125,6971.09,161.14,0.190135,42.45,1.01,2020-04-12
126,6859.08,158.22,0.188063,42.32,0.998116,2020-04-11
127,6865.49,158.41,0.18746400000000002,42.27,1.0,2020-04-10
128,7302.09,170.81,0.198257,46.38,1.0,2020-04-09
129,7334.1,172.64,0.200869,46.32,0.999124,2020-04-08
130,7176.41,165.1,0.192093,44.67,0.9986290000000001,2020-04-07
131,7271.78,169.14,0.19550599999999999,44.39,0.992833,2020-04-06
132,6791.13,143.55,0.17940599999999998,40.67,1.0,2020-04-05
133,6867.53,145.22,0.181732,40.68,1.0,2020-04-04
134,6733.39,142.09,0.17946700000000002,40.36,1.0,2020-04-03
135,6793.62,142.03,0.17864000000000002,39.87,1.0,2020-04-02
136,6606.78,135.63,0.175323,39.38,1.0,2020-04-01
137,6438.64,133.59,0.17456300000000002,39.3,1.0,2020-03-31
138,6429.84,132.9,0.172171,39.14,1.01,2020-03-30
139,5922.04,125.58,0.163829,37.33,1.0,2020-03-29
140,6242.19,130.99,0.175783,38.87,0.999704,2020-03-28
141,6469.8,133.94,0.17619500000000002,38.92,1.01,2020-03-27
142,6716.44,138.36,0.175019,40.16,0.998483,2020-03-26
143,6681.06,136.2,0.161633,39.15,0.9985940000000001,2020-03-25
144,6734.8,138.76,0.16225499999999998,40.49,1.0,2020-03-24
145,6416.31,134.91,0.157419,38.77,0.996812,2020-03-23
146,5830.25,123.32,0.15021400000000001,35.63,0.9990319999999999,2020-03-22
147,6185.07,132.82,0.158179,38.34,1.0,2020-03-21
148,6198.78,132.74,0.156868,38.13,0.997556,2020-03-20
149,6191.19,136.59,0.165037,39.07,1.0,2020-03-19
150,5238.44,114.84,0.1431,33.68,0.974248,2020-03-18
151,5225.63,113.94,0.144524,33.56,0.976145,2020-03-17
152,5014.48,110.61,0.14106300000000002,32.88,0.9970040000000001,2020-03-16
153,5392.31,125.21,0.153902,36.44,1.0,2020-03-15
154,5200.37,123.31,0.147292,34.4,1.0,2020-03-14
155,5563.71,133.2,0.159352,37.44,0.9996290000000001,2020-03-13
156,4970.79,112.35,0.13963499999999998,30.93,1.05,2020-03-12
157,7911.43,194.87,0.208096,48.46,0.998806,2020-03-11
158,7909.73,200.77,0.21223499999999998,50.26,1.0,2020-03-10
159,7923.64,201.99,0.209181,50.17,0.9990479999999999,2020-03-09
160,8108.12,200.69,0.206904,51.73,1.01,2020-03-08
161,8909.95,237.85,0.237071,60.55,1.0,2020-03-07
162,9122.55,243.53,0.244088,63.03,0.9984299999999999,2020-03-06
163,9078.76,229.27,0.23958200000000002,62.05,1.0,2020-03-05
164,8755.25,224.52,0.23453000000000002,60.38,1.0,2020-03-04
165,8787.79,224.48,0.234381,61.14,1.0,2020-03-03
166,8869.67,230.57,0.238747,61.0,0.995,2020-03-02
167,8562.45,218.97,0.228846,57.96,1.0,2020-03-01
168,8599.51,219.85,0.23119299999999998,58.54,1.01,2020-02-29
169,8672.46,226.76,0.236296,59.76,0.9970889999999999,2020-02-28
170,8784.49,226.75,0.237116,61.51,0.9984129999999999,2020-02-27
171,8820.52,225.68,0.23085100000000003,61.01,1.0,2020-02-26
172,9341.71,247.82,0.25341199999999997,71.18,1.0,2020-02-25
173,9650.17,265.22,0.270627,75.54,0.9988,2020-02-24
174,9924.52,273.75,0.282711,79.54,0.998017,2020-02-23
175,9663.18,262.33,0.275901,75.13,1.0,2020-02-22
176,9686.44,265.6,0.274938,73.45,1.0,2020-02-21
177,9608.48,257.95,0.272396,69.62,1.0,2020-02-20
178,9633.39,259.76,0.277602,71.14,1.0,2020-02-19
179,10142.0,281.94,0.297913,77.04,1.0,2020-02-18
180,9690.14,266.36,0.286572,73.25,0.998474,2020-02-17
181,9934.43,259.89,0.295034,75.15,0.9992719999999999,2020-02-16
182,9889.42,264.73,0.306236,76.51,0.999128,2020-02-15
183,10312.12,284.22,0.33482199999999995,82.99,1.0,2020-02-14
184,10214.38,268.1,0.326706,80.4,0.9985790000000001,2020-02-13
185,10326.05,265.41,0.30439299999999997,81.3,1.0,2020-02-12
186,10208.24,235.85,0.280141,76.6,0.998423,2020-02-11
187,9856.61,223.52,0.27408000000000005,74.34,1.0,2020-02-10
188,10116.67,228.58,0.282457,77.09,1.0,2020-02-09
189,9865.12,223.15,0.27724299999999996,76.47,0.999534,2020-02-08
190,9795.94,222.73,0.27928400000000003,74.36,0.997751,2020-02-07
191,9729.8,212.34,0.28221399999999996,73.39,0.997216,2020-02-06
192,9613.42,204.23,0.277468,72.49,1.0,2020-02-05
193,9180.96,189.25,0.266808,68.2,1.0,2020-02-04
194,9293.52,189.87,0.254627,69.78,0.9989129999999999,2020-02-03
195,9344.37,188.62,0.250734,70.23,1.0,2020-02-02
196,9392.88,183.67,0.24145500000000003,70.82,1.0,2020-02-01
197,9350.53,180.16,0.239233,67.88,1.0,2020-01-31
198,9508.99,184.69,0.243642,68.16,1.0,2020-01-30
199,9316.63,175.05,0.23573000000000002,60.08,1.0,2020-01-29
200,9358.59,176.37,0.238488,60.67,1.0,2020-01-28
201,8909.82,170.93,0.23122199999999998,58.76,1.0,2020-01-27
202,8596.83,168.08,0.230686,56.21,1.0,2020-01-26
203,8367.85,161.28,0.220427,53.7,1.0,2020-01-25
204,8445.43,163.05,0.223041,54.53,1.0,2020-01-24
205,8406.52,162.93,0.226104,54.63,0.998409,2020-01-23
206,8680.88,168.29,0.236056,58.35,1.0,2020-01-22
207,8745.89,169.7,0.237166,57.65,1.0,2020-01-21
208,8657.64,167.12,0.233296,57.2,1.0,2020-01-20
209,8706.25,166.97,0.235585,57.8,0.9985350000000001,2020-01-19
210,8942.81,175.37,0.243286,59.41,1.0,2020-01-18
211,8929.04,170.78,0.23877600000000002,61.49,1.0,2020-01-17
212,8723.79,164.39,0.22857399999999997,57.62,0.999231,2020-01-16
213,8807.01,166.23,0.232895,58.05,0.999656,2020-01-15
214,8827.76,165.96,0.23468699999999998,58.48,1.0,2020-01-14
215,8144.19,144.23,0.212617,49.73,1.0,2020-01-13
216,8192.49,145.87,0.215633,51.08,1.0,2020-01-12
217,8037.54,142.93,0.211851,49.26,1.0,2020-01-11
218,8166.55,143.96,0.212306,48.73,1.0,2020-01-10
219,7879.07,138.98,0.20489899999999997,45.22,1.01,2020-01-09
220,8079.86,141.26,0.20902600000000002,45.65,1.0,2020-01-08
221,8163.69,143.54,0.213917,46.42,1.0,2020-01-07
222,7769.22,144.3,0.22150999999999998,45.82,1.0,2020-01-06
223,7411.32,136.28,0.195537,43.55,1.01,2020-01-05
224,7410.66,135.07,0.194355,43.33,1.01,2020-01-04
225,7344.88,134.17,0.193521,42.42,1.0,2020-01-03
226,6985.47,127.41,0.18804300000000002,39.82,1.0,2020-01-02
227,7200.17,130.8,0.192667,42.02,0.9998360000000001,2020-01-01
228,7193.6,129.61,0.192894,41.34,0.9996790000000001,2019-12-31
229,7293.0,132.63,0.194474,42.75,1.01,2019-12-30
230,7422.65,134.76,0.197051,43.67,1.0,2019-12-29
231,7317.99,128.32,0.193222,42.84,1.0,2019-12-28
232,7290.09,127.21,0.191102,41.18,1.01,2019-12-27
233,7238.97,126.36,0.190394,40.27,1.0,2019-12-26
234,7275.16,126.45,0.190719,40.63,1.0,2019-12-25
235,7322.53,129.06,0.192198,40.68,1.01,2019-12-24
236,7355.63,128.61,0.190943,40.85,1.01,2019-12-23
237,7511.59,132.37,0.196978,41.97,1.0,2019-12-22
238,7191.16,128.13,0.194082,40.0,1.01,2019-12-21
239,7218.82,129.07,0.19531600000000002,40.29,1.01,2019-12-20
240,7202.84,129.32,0.19081900000000002,39.92,1.01,2019-12-19
241,7276.8,133.09,0.196176,40.78,1.01,2019-12-18
242,6640.52,122.6,0.183699,37.08,0.993339,2019-12-17
243,6932.48,133.61,0.207225,40.37,1.0,2019-12-16
244,7152.3,143.11,0.21860100000000002,43.76,1.0,2019-12-15
245,7124.67,142.87,0.217356,43.72,1.01,2019-12-14
246,7269.68,144.94,0.220755,44.45,1.0,2019-12-13
247,7243.13,145.6,0.21985900000000003,44.08,1.01,2019-12-12
248,7217.43,143.61,0.22205300000000003,43.95,1.01,2019-12-11
249,7278.12,146.27,0.224302,44.64,1.01,2019-12-10
250,7400.9,148.23,0.22545199999999999,44.94,1.0,2019-12-09
251,7564.35,151.26,0.230435,45.95,1.01,2019-12-08
252,7556.24,148.77,0.22844499999999998,45.64,1.01,2019-12-07
253,7547.0,149.19,0.225505,45.67,1.0,2019-12-06
254,7448.31,149.25,0.22292800000000002,45.3,1.01,2019-12-05
255,7252.03,146.75,0.216348,45.19,1.01,2019-12-04
256,7320.15,147.96,0.21986999999999998,45.38,1.0,2019-12-03
257,7321.99,149.06,0.219581,45.82,1.0,2019-12-02
258,7424.29,151.19,0.225333,47.71,1.0,2019-12-01
259,7569.63,152.54,0.22647399999999998,47.48,1.0,2019-11-30
260,7761.24,155.3,0.230217,48.88,1.0,2019-11-29
261,7463.11,151.72,0.22457,47.06,1.0,2019-11-28
262,7531.66,153.01,0.225081,48.01,1.01,2019-11-27
263,7218.37,148.97,0.22214499999999998,47.27,1.01,2019-11-26
264,7146.13,146.48,0.21862199999999998,45.83,1.0,2019-11-25
265,7047.92,142.83,0.22318400000000002,44.73,1.02,2019-11-24
266,7397.8,153.42,0.236188,48.71,1.01,2019-11-23
267,7296.58,150.27,0.2316,47.62,1.0,2019-11-22
268,7642.75,161.46,0.24376599999999998,50.88,1.0,2019-11-21
269,8027.27,175.7,0.251364,55.29,1.01,2019-11-20
270,8206.15,177.46,0.2565,55.62,1.01,2019-11-19
271,8309.29,180.56,0.255653,56.8,1.01,2019-11-18
272,8577.98,185.12,0.265253,59.57,1.01,2019-11-17
273,8550.76,183.35,0.263886,58.57,1.01,2019-11-16
274,8491.99,180.52,0.261654,57.81,1.0,2019-11-15
275,8708.1,186.0,0.270391,59.43,1.01,2019-11-14
276,8808.26,188.26,0.273036,61.11,1.0,2019-11-13
277,8815.66,186.84,0.272418,61.34,1.0,2019-11-12
278,8757.79,185.49,0.275086,61.9,1.0,2019-11-11
279,9055.53,189.48,0.280204,63.84,1.0,2019-11-10
280,8813.58,185.03,0.280196,61.95,1.0,2019-11-09
281,8804.88,184.21,0.276953,60.53,1.0,2019-11-08
282,9267.56,187.98,0.292431,61.84,1.01,2019-11-07
283,9360.88,191.59,0.31008600000000003,64.27,1.0,2019-11-06
284,9342.53,189.3,0.301255,63.3,1.0,2019-11-05
285,9412.61,186.36,0.299937,61.57,1.0,2019-11-04
286,9235.35,182.43,0.291261,58.63,1.0,2019-11-03
287,9324.72,183.93,0.296263,58.6,1.0,2019-11-02
288,9261.1,183.97,0.292642,58.58,1.0,2019-11-01
289,9199.58,183.97,0.296358,58.78,1.01,2019-10-31
290,9205.73,184.69,0.296555,58.42,1.01,2019-10-30
291,9427.69,190.34,0.301956,59.87,1.0,2019-10-29
292,9256.15,182.66,0.296007,58.13,1.0,2019-10-28
293,9551.71,184.24,0.2981,59.91,1.0,2019-10-27
294,9244.97,179.84,0.293699,56.78,1.0,2019-10-26
295,8660.7,181.52,0.298165,56.94,1.0,2019-10-25
296,7493.49,162.17,0.278491,50.07,1.01,2019-10-24
297,7514.67,162.4,0.27414299999999997,49.63,1.0,2019-10-23
298,8078.2,172.3,0.291607,53.74,1.0,2019-10-22
299,8243.72,174.92,0.292979,54.94,1.0,2019-10-21
300,8222.08,175.53,0.294179,54.93,1.0,2019-10-20
301,7988.56,172.91,0.293022,54.03,1.01,2019-10-19
302,7973.21,173.62,0.295005,53.49,1.0,2019-10-18
303,8103.91,178.03,0.302315,54.88,1.0,2019-10-17
304,8047.53,176.01,0.28464,52.92,1.01,2019-10-16
305,8205.37,181.41,0.288702,54.94,1.0,2019-10-15
306,8374.69,186.96,0.296523,56.98,1.0,2019-10-14
307,8321.01,182.08,0.277765,56.71,1.0,2019-10-13
308,8336.56,180.83,0.27319099999999996,55.98,1.0,2019-10-12
309,8321.76,182.57,0.271099,56.3,1.01,2019-10-11
310,8586.47,191.66,0.272073,57.78,1.0,2019-10-10
311,8595.74,193.29,0.281627,59.43,1.01,2019-10-09
312,8228.78,182.02,0.278459,57.4,1.01,2019-10-08
313,8245.62,181.19,0.275685,57.79,1.01,2019-10-07
314,7988.16,173.06,0.257705,55.41,1.01,2019-10-06
315,8151.5,176.35,0.25345700000000004,56.84,1.0,2019-10-05
316,8205.94,176.99,0.25393499999999997,56.85,1.01,2019-10-04
317,8259.99,175.2,0.24786,56.55,1.0,2019-10-03
318,8393.04,180.71,0.253539,56.51,1.0,2019-10-02
319,8343.28,177.34,0.249565,56.06,1.01,2019-10-01
320,8293.87,179.87,0.25593299999999997,56.06,1.0,2019-09-30
321,8104.19,170.5,0.24138800000000002,54.32,1.01,2019-09-29
322,8245.92,174.57,0.242571,55.68,1.0,2019-09-28
323,8251.85,174.71,0.24402100000000002,56.36,1.01,2019-09-27
324,8118.97,166.73,0.243784,55.54,1.0,2019-09-26
325,8486.99,170.89,0.246441,57.66,1.01,2019-09-25
326,8620.57,168.11,0.23522600000000002,55.82,1.01,2019-09-24
327,9729.32,201.92,0.268675,66.85,1.0,2019-09-23
328,10070.39,211.55,0.278931,72.62,1.0,2019-09-22
329,10019.72,215.52,0.289443,73.52,1.0,2019-09-21
330,10181.64,218.05,0.29447,75.15,1.0,2019-09-20
331,10266.41,221.28,0.30244099999999996,77.06,1.0,2019-09-19
332,10198.25,211.39,0.313776,77.97,1.0,2019-09-18
333,10241.27,208.61,0.285013,74.22,1.0,2019-09-17
334,10276.79,197.11,0.260952,72.57,1.0,2019-09-16
335,10347.71,189.79,0.261628,70.32,1.0,2019-09-15
336,10358.05,188.11,0.261167,70.56,1.0,2019-09-14
337,10360.55,181.11,0.25555100000000003,68.99,1.0,2019-09-13
338,10410.13,181.02,0.254811,69.23,1.0,2019-09-12
339,10178.37,178.73,0.255956,69.92,1.0,2019-09-11
340,10115.98,179.79,0.258671,70.82,0.999806,2019-09-10
341,10334.97,181.15,0.259562,70.19,1.0,2019-09-09
342,10441.28,181.36,0.26308400000000004,70.55,1.01,2019-09-08
343,10517.25,178.26,0.260687,69.04,1.01,2019-09-07
344,10353.3,169.96,0.25234,65.23,1.0,2019-09-06
345,10575.53,174.22,0.256346,65.4,1.0,2019-09-05
346,10594.49,175.99,0.259905,67.29,1.0,2019-09-04
347,10623.54,179.5,0.263139,69.13,1.0,2019-09-03
348,10346.76,178.35,0.26082,66.94,1.0,2019-09-02
349,9757.97,171.63,0.258054,66.14,1.0,2019-09-01
350,9630.66,172.47,0.259204,64.58,1.0,2019-08-31
351,9598.17,168.83,0.256218,64.33,1.0,2019-08-30
352,9510.2,169.52,0.25704499999999997,64.1,1.0,2019-08-29
353,9754.42,173.89,0.25745,67.43,0.9969180000000001,2019-08-28
354,10185.5,187.52,0.26961799999999997,72.84,0.999137,2019-08-27
355,10370.82,188.93,0.27078800000000003,73.86,1.0,2019-08-26
356,10138.52,186.84,0.270088,72.31,0.999559,2019-08-25
357,10159.96,191.29,0.27255300000000005,73.46,1.0,2019-08-24
358,10407.97,194.71,0.276545,75.4,1.0,2019-08-23
359,10131.06,191.33,0.270944,73.6,1.0,2019-08-22
360,10138.05,186.89,0.266261,72.96,0.9944719999999999,2019-08-21
361,10763.23,196.57,0.275806,75.2,1.0,2019-08-20
362,10916.05,203.09,0.283328,77.26,1.0,2019-08-19
363,10345.81,194.49,0.282646,76.27,1.0,2019-08-18
364,10231.74,185.69,0.265721,72.8,1.0,2019-08-17
365,10374.34,185.44,0.261971,74.92,1.0,2019-08-16
366,10311.55,188.5,0.264882,76.39,1.0,2019-08-15
367,10051.7,186.61,0.263343,76.06,0.993267,2019-08-14
368,10895.83,208.71,0.296639,84.41,0.996607,2019-08-13
369,11382.62,211.29,0.300322,85.75,0.9984270000000001,2019-08-12
370,11523.58,216.09,0.301915,89.75,0.99765,2019-08-11
371,11354.02,206.73,0.298721,85.42,0.999664,2019-08-10
372,11862.94,210.49,0.29734299999999997,84.44,0.998742,2019-08-09
373,11966.41,220.94,0.307661,90.03,0.9974540000000001,2019-08-08
374,11941.97,226.39,0.311969,90.91,1.0,2019-08-07
375,11478.17,226.02,0.31132600000000005,93.07,0.9982110000000001,2019-08-06
376,11805.65,234.22,0.32356399999999996,96.83,1.01,2019-08-05
377,10970.18,222.67,0.319842,93.2,1.01,2019-08-04
378,10821.73,222.49,0.316757,94.58,1.0,2019-08-03
379,10518.17,217.87,0.312394,94.94,1.0,2019-08-02
380,10399.67,217.81,0.317906,99.18,1.01,2019-08-01
381,10085.63,218.65,0.320909,98.51,1.0,2019-07-31
382,9607.42,210.52,0.31847,90.57,1.0,2019-07-30
383,9519.15,211.27,0.310658,90.43,1.0,2019-07-29
384,9552.86,211.19,0.312288,89.77,1.0,2019-07-28
385,9477.68,207.41,0.310528,88.89,0.9989040000000001,2019-07-27
386,9870.3,219.63,0.32353000000000004,94.31,1.0,2019-07-26
387,9911.84,219.62,0.31481,93.45,1.0,2019-07-25
388,9811.93,217.05,0.315947,94.31,1.0,2019-07-24
389,9900.77,212.73,0.30992600000000003,90.62,0.9976309999999999,2019-07-23
390,10343.11,217.56,0.322106,95.42,1.0,2019-07-22
391,10599.11,225.63,0.331309,99.63,1.0,2019-07-21
392,10767.14,229.12,0.33320900000000003,100.61,1.01,2019-07-20
393,10530.73,221.33,0.32060500000000003,98.4,1.0,2019-07-19
394,10666.48,226.57,0.323176,101.09,1.01,2019-07-18
395,9693.8,211.48,0.31061300000000003,89.81,1.01,2019-07-17
396,9477.64,199.19,0.29672600000000005,79.5,0.995924,2019-07-16
397,10895.09,229.78,0.31531,90.92,1.01,2019-07-15
398,10256.06,227.58,0.30642600000000003,89.77,0.9999950000000001,2019-07-14
399,11392.38,269.46,0.332179,101.02,0.9986940000000001,2019-07-13
400,11815.99,276.28,0.344118,105.3,1.01,2019-07-12
401,11358.66,268.7,0.330335,102.64,0.9965139999999999,2019-07-11
402,12156.51,290.0,0.363775,108.5,0.999782,2019-07-10
403,12573.81,308.88,0.39416799999999996,119.43,1.0,2019-07-09
404,12285.96,313.25,0.401533,123.29,1.0,2019-07-08
405,11450.85,305.7,0.397047,120.32,1.0,2019-07-07
406,11208.55,287.55,0.38905500000000004,117.82,0.99741,2019-07-06
407,10978.46,288.0,0.37896399999999997,118.35,1.0,2019-07-05
408,11215.44,284.52,0.388719,119.98,0.9999290000000001,2019-07-04
409,11961.27,303.1,0.408532,122.56,1.01,2019-07-03
410,10801.68,291.6,0.400204,119.24,1.0,2019-07-02
411,10583.13,293.64,0.406862,122.58,0.996052,2019-07-01
412,10817.16,290.7,0.396411,122.25,0.9924870000000001,2019-06-30
413,11959.37,320.06,0.429378,133.66,0.998604,2019-06-29
414,12407.33,311.23,0.42731499999999994,120.15,1.0,2019-06-28
415,11182.81,294.27,0.408754,114.4,0.9857389999999999,2019-06-27
416,13016.23,336.75,0.467451,131.27,0.991819,2019-06-26
417,11790.92,318.13,0.468229,136.49,0.999333,2019-06-25
418,11011.1,310.42,0.470088,135.53,0.997842,2019-06-24
419,10855.37,307.83,0.468291,136.88,0.996691,2019-06-23
420,10701.69,309.38,0.474764,141.9,0.995817,2019-06-22
421,10144.56,294.91,0.443188,138.88,1.0,2019-06-21
422,9527.16,271.7,0.42982299999999996,135.48,1.0,2019-06-20
423,9273.52,269.43,0.436817,136.6,1.0,2019-06-19
424,9081.76,265.05,0.42876099999999995,135.16,0.9999520000000001,2019-06-18
425,9320.35,274.35,0.44808000000000003,134.44,1.0,2019-06-17
426,8994.49,269.22,0.427516,137.12,1.0,2019-06-16
427,8838.38,269.02,0.410419,138.13,1.01,2019-06-15
428,8693.83,264.09,0.405921,133.05,1.01,2019-06-14
429,8230.92,256.17,0.400887,131.35,1.0,2019-06-13
430,8145.86,260.9,0.40176,135.65,1.0,2019-06-12
431,7927.71,245.78,0.39426100000000003,136.03,1.01,2019-06-11
432,8000.33,247.52,0.400427,129.07,1.01,2019-06-10
433,7688.08,233.09,0.388266,115.13,1.0,2019-06-09
434,7954.13,245.74,0.41241099999999997,118.55,1.0,2019-06-08
435,8043.95,250.93,0.42313,117.37,1.01,2019-06-07
436,7822.02,249.47,0.41953999999999997,111.11,1.0,2019-06-06
437,7824.23,247.05,0.40273200000000003,103.85,1.01,2019-06-05
438,7707.77,241.34,0.400667,102.09,0.9950629999999999,2019-06-04
439,8208.99,252.61,0.42576400000000003,107.47,0.9995620000000001,2019-06-03
440,8742.96,270.23,0.44478500000000004,114.7,1.0,2019-06-02
441,8564.02,265.39,0.430583,112.62,1.0,2019-06-01
442,8574.5,268.11,0.43857399999999996,114.54,1.0,2019-05-31
443,8319.47,255.86,0.42239499999999996,108.8,1.0,2019-05-30
444,8659.49,269.46,0.443713,115.08,1.0,2019-05-29
445,8719.96,271.77,0.446549,114.93,1.0,2019-05-28
446,8805.78,272.86,0.43416800000000005,118.03,1.0,2019-05-27
447,8673.22,267.07,0.408413,111.42,1.01,2019-05-26
448,8052.54,251.76,0.38704,102.67,1.0,2019-05-25
449,7987.37,249.48,0.38454099999999997,99.9,1.0,2019-05-24
450,7881.85,245.97,0.381204,89.18,1.0,2019-05-23
451,7680.07,244.7,0.376637,88.21,1.0,2019-05-22
452,7963.33,255.22,0.39760300000000004,91.51,1.01,2019-05-21
453,7978.31,251.86,0.398003,91.49,1.0,2019-05-20
454,8197.69,261.29,0.4177,95.32,1.01,2019-05-19
455,7271.21,234.6,0.372736,86.7,0.99664,2019-05-18
456,7343.9,243.76,0.386193,89.0,0.9967729999999999,2019-05-17
457,7884.91,264.01,0.419707,95.59,0.9990399999999999,2019-05-16
458,8205.17,247.15,0.456005,101.74,1.0,2019-05-15
459,7994.42,217.15,0.409062,91.62,1.0,2019-05-14
460,7814.92,196.85,0.325475,88.06,1.01,2019-05-13
461,6972.37,187.33,0.31007399999999996,84.57,0.995634,2019-05-12
462,7204.77,194.3,0.32454299999999997,89.22,1.0,2019-05-11
463,6378.85,173.14,0.300387,77.17,1.0,2019-05-10
464,6174.53,170.29,0.296509,74.18,0.999281,2019-05-09
465,5982.46,170.95,0.300721,74.62,1.0,2019-05-08
466,5829.5,169.8,0.299684,74.69,0.998015,2019-05-07
467,5746.81,172.65,0.30238899999999996,74.98,0.9995459999999999,2019-05-06
468,5795.71,163.45,0.302342,75.98,1.0,2019-05-05
469,5831.17,164.03,0.304552,78.06,1.0,2019-05-04
470,5768.29,167.95,0.308222,79.33,1.0,2019-05-03
471,5505.28,162.12,0.303239,73.78,1.0,2019-05-02
472,5402.7,160.82,0.304696,73.66,1.0,2019-05-01
473,5350.73,162.17,0.30947600000000003,74.28,1.01,2019-04-30
474,5247.35,155.2,0.29428899999999997,67.96,1.0,2019-04-29
475,5285.14,157.3,0.297426,69.73,0.993873,2019-04-28
476,5268.29,158.43,0.296741,72.12,0.994751,2019-04-27
477,5279.35,156.35,0.298502,73.12,0.9911030000000001,2019-04-26
478,5210.52,154.46,0.28938400000000003,71.25,0.992808,2019-04-25
479,5464.87,165.83,0.302318,73.31,1.01,2019-04-24
480,5572.36,171.45,0.321222,74.85,1.01,2019-04-23
481,5399.37,171.87,0.323934,76.95,1.01,2019-04-22
482,5314.53,170.05,0.322449,77.33,1.01,2019-04-21
483,5337.89,173.75,0.32847600000000005,81.51,1.01,2019-04-20
484,5303.81,173.71,0.331902,82.57,1.01,2019-04-19
485,5298.39,173.81,0.337065,82.07,1.0,2019-04-18
486,5251.94,166.95,0.335453,79.33,1.01,2019-04-17
487,5235.56,167.62,0.327218,81.35,1.01,2019-04-16
488,5067.11,161.57,0.320913,79.05,1.0,2019-04-15
489,5167.72,167.84,0.328809,82.94,1.01,2019-04-14
490,5096.59,164.51,0.326031,78.22,1.01,2019-04-13
491,5089.54,164.74,0.326346,78.96,1.01,2019-04-12
492,5064.49,165.5,0.330984,79.68,1.01,2019-04-11
493,5324.55,177.34,0.354792,88.38,1.0,2019-04-10
494,5204.96,176.11,0.349462,86.79,1.01,2019-04-09
495,5289.77,180.26,0.358234,89.49,1.01,2019-04-08
496,5198.9,174.53,0.359856,92.31,1.0,2019-04-07
497,5059.82,165.95,0.354405,92.57,1.0,2019-04-06
498,5036.68,165.51,0.36180300000000004,88.68,1.01,2019-04-05
499,4922.8,158.05,0.332513,84.98,1.01,2019-04-04
500,4973.02,161.46,0.34223400000000004,84.92,1.01,2019-04-03
501,4879.88,163.96,0.351499,76.19,1.01,2019-04-02
502,4158.18,141.83,0.312747,60.68,1.0,2019-04-01
503,4105.4,141.51,0.309229,60.76,1.0,2019-03-31
504,4106.66,142.09,0.310632,60.62,1.0,2019-03-30
505,4098.37,142.5,0.307929,61.3,0.9984959999999999,2019-03-29
506,4069.11,139.42,0.309246,61.17,1.01,2019-03-28
507,4087.07,140.99,0.312465,62.25,1.01,2019-03-27
508,3985.08,135.46,0.30506,59.34,1.01,2019-03-26
509,3963.07,135.03,0.304055,59.5,1.01,2019-03-25
510,4022.17,136.99,0.308992,60.22,1.01,2019-03-24
511,4035.83,138.24,0.312359,61.35,1.01,2019-03-23
512,4023.97,137.18,0.311541,59.82,1.01,2019-03-22
513,4029.33,136.64,0.312718,59.38,1.01,2019-03-21
514,4087.48,140.69,0.31961,60.85,1.01,2019-03-20
515,4071.19,140.52,0.319281,60.62,1.01,2019-03-19
516,4032.51,139.37,0.31744,60.26,1.01,2019-03-18
517,4025.23,140.0,0.317612,61.24,1.01,2019-03-17
518,4048.73,142.4,0.320468,61.84,1.01,2019-03-16
519,3960.91,137.69,0.315052,58.99,1.01,2019-03-15
520,3924.37,133.71,0.31295500000000004,56.58,1.01,2019-03-14
521,3906.72,133.26,0.314098,55.93,1.01,2019-03-13
522,3909.16,134.44,0.310201,57.0,1.01,2019-03-12
523,3905.23,133.83,0.31106500000000004,55.42,1.01,2019-03-11
524,3951.6,136.76,0.313107,57.18,1.01,2019-03-10
525,3963.31,137.97,0.31382600000000005,58.09,1.01,2019-03-09
526,3901.13,135.13,0.310087,56.1,1.01,2019-03-08
527,3911.48,138.03,0.314766,57.19,1.01,2019-03-07
528,3903.94,138.79,0.317031,55.78,1.01,2019-03-06
529,3896.38,137.82,0.31650700000000004,53.13,1.01,2019-03-05
530,3761.56,127.77,0.305133,46.43,1.01,2019-03-04
531,3847.18,132.25,0.312554,48.38,1.01,2019-03-03
532,3864.42,134.21,0.315126,49.02,1.01,2019-03-02
533,3859.58,136.44,0.317312,47.49,1.01,2019-03-01
534,3854.79,136.75,0.315078,46.24,1.01,2019-02-28
535,3851.05,136.13,0.313106,45.58,1.01,2019-02-27
536,3854.36,138.09,0.319477,45.49,1.01,2019-02-26
537,3882.7,139.82,0.32850999999999997,46.21,1.02,2019-02-25
538,3810.43,135.85,0.30144299999999996,44.68,1.01,2019-02-24
539,4142.53,158.8,0.33261999999999997,51.68,1.01,2019-02-23
540,4005.53,149.09,0.321904,49.81,1.01,2019-02-22
541,3954.12,146.13,0.321291,49.15,1.0,2019-02-21
542,3999.82,149.55,0.33288,51.79,1.01,2019-02-20
543,3947.09,145.35,0.323768,47.86,1.01,2019-02-19
544,3915.71,146.1,0.32156799999999996,48.04,1.01,2019-02-18
545,3673.84,133.6,0.30337,43.93,1.0,2019-02-17
546,3629.79,123.26,0.301703,43.59,1.0,2019-02-16
547,3620.81,122.1,0.301759,42.7,1.0,2019-02-15
548,3616.88,121.39,0.30190900000000004,41.64,1.01,2019-02-14
549,3632.07,122.55,0.304284,42.0,1.0,2019-02-13
550,3653.53,122.57,0.30519,43.93,1.0,2019-02-12
551,3648.43,121.3,0.302741,43.18,1.0,2019-02-11
552,3690.19,124.81,0.309909,46.83,1.0,2019-02-10
553,3671.2,119.43,0.311284,44.79,1.0,2019-02-09
554,3666.78,119.27,0.311683,43.46,1.0,2019-02-08
555,3399.47,104.54,0.291618,33.22,1.0,2019-02-07
556,3413.77,104.92,0.290727,32.93,1.0,2019-02-06
557,3466.36,107.44,0.299239,34.26,0.999532,2019-02-05
558,3459.15,107.82,0.300198,34.11,0.999826,2019-02-04
559,3464.01,107.49,0.302352,33.44,1.0,2019-02-03
560,3521.06,110.43,0.31091199999999997,34.39,1.0,2019-02-02
561,3487.95,107.61,0.308517,32.83,1.01,2019-02-01
562,3457.79,107.06,0.31003600000000003,31.65,1.01,2019-01-31
563,3486.18,108.91,0.320461,31.93,1.01,2019-01-30
564,3448.12,105.6,0.289558,31.1,1.01,2019-01-29
565,3470.45,106.59,0.294863,31.2,1.01,2019-01-28
566,3583.97,113.41,0.30943899999999996,32.59,1.01,2019-01-27
567,3602.46,116.49,0.314235,33.15,1.01,2019-01-26
568,3599.77,116.38,0.31716500000000003,32.98,1.01,2019-01-25
569,3600.87,117.36,0.317598,32.78,1.01,2019-01-24
570,3585.12,117.45,0.316492,32.0,1.01,2019-01-23
571,3604.58,118.75,0.31949099999999997,31.68,1.01,2019-01-22
572,3576.03,117.16,0.32079,31.21,1.01,2019-01-21
573,3601.01,119.47,0.321177,31.18,1.02,2019-01-20
574,3728.57,124.52,0.33100100000000005,32.55,1.02,2019-01-19
575,3657.84,121.01,0.324277,31.31,1.02,2019-01-18
576,3678.56,123.74,0.329353,31.89,1.02,2019-01-17
577,3655.01,123.55,0.329701,31.82,1.02,2019-01-16
578,3630.68,122.03,0.327179,31.51,1.02,2019-01-15
579,3706.05,129.07,0.333766,32.36,1.02,2019-01-14
580,3552.95,116.9,0.317863,30.33,1.02,2019-01-13
581,3661.3,125.97,0.3288,32.38,1.02,2019-01-12
582,3687.37,127.55,0.332904,32.33,1.02,2019-01-11
583,3678.92,128.63,0.332652,33.87,1.02,2019-01-10
584,4035.3,150.8,0.37089,38.99,1.02,2019-01-09
585,4030.85,150.36,0.365315,39.48,1.02,2019-01-08
586,4025.25,151.7,0.364347,37.81,1.01,2019-01-07
587,4076.63,157.75,0.368395,39.3,1.02,2019-01-06
588,3845.19,155.64,0.355275,34.94,1.02,2019-01-05
589,3857.72,154.58,0.356747,32.4,1.02,2019-01-04
590,3836.74,149.14,0.360224,32.03,1.02,2019-01-03
591,3943.41,155.05,0.375243,33.43,1.02,2019-01-02
592,3843.52,140.82,0.364771,31.98,1.02,2019-01-01
593,3742.7,133.37,0.352706,30.47,1.01,2018-12-31
594,3865.95,139.86,0.369581,31.98,1.02,2018-12-30
595,3820.41,138.02,0.367252,31.57,1.03,2018-12-29
596,3923.92,137.65,0.376852,32.51,1.02,2018-12-28
597,3654.83,116.58,0.34116199999999997,28.29,1.02,2018-12-27
598,3857.3,131.87,0.378693,30.99,1.02,2018-12-26
599,3815.49,129.84,0.380872,31.13,1.02,2018-12-25
600,4078.6,140.24,0.40679899999999997,33.2,1.02,2018-12-24
601,3998.98,130.77,0.37127,33.46,1.02,2018-12-23
602,4014.18,116.76,0.362308,31.86,1.02,2018-12-22
603,3896.54,109.5,0.35857,30.8,1.02,2018-12-21
604,4134.44,116.22,0.37819899999999995,32.82,1.02,2018-12-20
605,3745.95,101.27,0.351956,29.68,1.02,2018-12-19
606,3696.06,101.11,0.350162,30.14,1.01,2018-12-18
607,3545.86,95.13,0.328453,29.27,1.01,2018-12-17
608,3252.84,85.26,0.287929,25.6,1.01,2018-12-16
609,3236.76,84.44,0.285883,23.78,1.0,2018-12-15
610,3242.48,84.31,0.28879,23.46,1.0,2018-12-14
611,3313.68,86.54,0.300026,23.67,1.0,2018-12-13
612,3486.95,90.59,0.307323,24.49,1.01,2018-12-12
613,3424.59,88.95,0.301345,23.8,1.01,2018-12-11
614,3502.66,91.69,0.303766,24.62,1.02,2018-12-10
615,3614.23,95.14,0.31337,25.95,1.02,2018-12-09
616,3476.11,92.16,0.307269,24.86,1.02,2018-12-08
617,3419.94,93.29,0.30199699999999996,25.27,1.0,2018-12-07
618,3521.1,91.76,0.310936,26.94,0.998296,2018-12-06
619,3753.99,102.48,0.338242,29.3,0.992966,2018-12-05
620,3956.89,110.21,0.352231,31.19,1.0,2018-12-04
621,3894.13,108.93,0.348754,31.07,0.9965940000000001,2018-12-03
622,4139.88,116.39,0.367627,33.71,0.9983719999999999,2018-12-02
623,4214.67,118.64,0.372906,34.34,1.0,2018-12-01
624,4017.27,113.17,0.362455,32.06,0.991823,2018-11-30
625,4278.85,117.54,0.379562,33.8,0.9973770000000001,2018-11-29
626,4257.42,122.44,0.39055700000000004,34.63,0.9986219999999999,2018-11-28
627,3820.72,110.01,0.360163,31.07,0.98426,2018-11-27
628,3779.13,108.34,0.355451,29.41,0.9772430000000001,2018-11-26
629,4009.97,116.45,0.374551,30.89,0.9809690000000001,2018-11-25
630,3880.76,113.49,0.375336,29.22,0.980224,2018-11-24
631,4347.11,123.3,0.407428,32.16,0.98257,2018-11-23
632,4365.94,126.71,0.42608,32.2,0.998188,2018-11-22
633,4602.17,136.7,0.447651,34.67,0.987504,2018-11-21
634,4451.87,130.34,0.434726,33.04,0.968799,2018-11-20
635,4871.49,149.18,0.478166,36.64,0.9827299999999999,2018-11-19
636,5623.54,177.07,0.510473,42.33,0.992533,2018-11-18
637,5554.33,174.0,0.491654,41.93,0.9858690000000001,2018-11-17
638,5575.55,175.18,0.471609,42.46,0.9870270000000001,2018-11-16
639,5648.03,180.81,0.48170799999999997,43.95,0.982022,2018-11-15
640,5738.35,181.4,0.474372,43.61,0.9666440000000001,2018-11-14
641,6359.49,206.83,0.510112,49.7,0.985118,2018-11-13
642,6371.27,210.42,0.517165,50.65,0.9891479999999999,2018-11-12
643,6411.27,211.34,0.5059130000000001,51.36,0.9904620000000001,2018-11-11
644,6409.22,212.53,0.506698,52.4,0.99718,2018-11-10
645,6385.62,210.07,0.500668,51.9,0.9948319999999999,2018-11-09
646,6453.72,212.23,0.493508,52.37,0.994333,2018-11-08
647,6530.14,217.18,0.5357069999999999,54.19,0.9932700000000001,2018-11-07
648,6461.01,218.45,0.54908,55.95,0.9927959999999999,2018-11-06
649,6419.66,209.09,0.49741199999999997,53.55,0.9931760000000001,2018-11-05
650,6376.13,207.49,0.46269099999999996,53.61,0.988708,2018-11-04
651,6361.26,200.19,0.455667,50.97,0.999433,2018-11-03
652,6388.44,200.64,0.458685,51.33,0.993501,2018-11-02
653,6377.78,198.87,0.455722,50.27,0.99172,2018-11-01
654,6317.61,197.38,0.44838199999999995,49.44,0.988122,2018-10-31
655,6334.27,197.56,0.444759,49.24,0.9966709999999999,2018-10-30
656,6332.63,197.25,0.441514,49.07,0.996859,2018-10-29
657,6486.39,205.37,0.46240600000000004,51.94,0.998453,2018-10-28
658,6480.38,204.21,0.456348,51.93,0.9930969999999999,2018-10-27
659,6474.75,203.33,0.45928800000000003,52.1,0.9897889999999999,2018-10-26
660,6476.29,202.72,0.45805200000000007,52.23,0.988791,2018-10-25
661,6495.84,203.85,0.457237,52.52,0.988612,2018-10-24
662,6475.74,204.34,0.46205799999999997,52.54,0.9879620000000001,2018-10-23
663,6487.16,204.04,0.45310900000000004,52.2,0.9839979999999999,2018-10-22
664,6482.35,205.14,0.45669399999999993,52.92,0.983548,2018-10-21
665,6489.19,205.43,0.45915100000000003,53.36,0.9838309999999999,2018-10-20
666,6465.41,203.73,0.45417799999999997,53.02,0.987712,2018-10-19
667,6476.71,203.35,0.457725,52.53,0.980858,2018-10-18
668,6544.43,207.08,0.46819700000000003,53.67,0.971225,2018-10-17
669,6596.11,210.12,0.470253,54.07,0.975152,2018-10-16
670,6596.54,209.7,0.447316,54.88,0.980138,2018-10-15
671,6290.93,195.72,0.40328600000000003,52.19,0.9895700000000001,2018-10-14
672,6285.99,199.84,0.418878,53.45,0.9880459999999999,2018-10-13
673,6274.58,196.73,0.41911499999999996,53.55,0.994102,2018-10-12
674,6256.24,189.5,0.38313,51.23,0.9930260000000001,2018-10-11
675,6585.53,225.77,0.462387,57.98,0.993502,2018-10-10
676,6642.64,227.98,0.479857,58.71,0.9967790000000001,2018-10-09
677,6652.23,229.26,0.48975100000000005,59.41,0.995814,2018-10-08
678,6602.95,226.12,0.48203900000000005,58.16,0.996617,2018-10-07
679,6588.31,225.12,0.48808199999999996,57.84,0.9971770000000001,2018-10-06
680,6622.48,227.6,0.519026,58.77,0.995778,2018-10-05
681,6576.69,222.22,0.526606,58.28,0.996185,2018-10-04
682,6502.59,220.49,0.528162,57.48,0.998569,2018-10-03
683,6556.1,227.18,0.520837,59.71,0.999741,2018-10-02
684,6589.62,230.77,0.576461,60.21,0.997925,2018-10-01
685,6625.56,232.85,0.581572,61.14,1.0,2018-09-30
686,6601.96,231.64,0.571228,61.61,0.999602,2018-09-29
687,6644.13,222.4,0.539112,61.9,1.0,2018-09-28
688,6676.75,228.49,0.541381,62.98,0.997107,2018-09-27
689,6495.0,215.85,0.516308,57.4,1.0,2018-09-26
690,6446.47,218.51,0.526941,57.54,1.0,2018-09-25
691,6595.41,228.73,0.494712,57.97,1.0,2018-09-24
692,6710.63,244.33,0.570689,61.37,0.9995120000000001,2018-09-23
693,6721.98,240.48,0.5707979999999999,60.44,1.0,2018-09-22
694,6734.95,246.58,0.561462,60.72,0.9944280000000001,2018-09-21
695,6519.67,224.59,0.44991800000000004,56.63,1.0,2018-09-20
696,6398.54,209.97,0.32605300000000004,54.33,1.0,2018-09-19
697,6371.3,209.98,0.32186,54.1,1.0,2018-09-18
698,6281.2,197.88,0.272251,52.54,1.0,2018-09-17
699,6517.18,220.59,0.28116599999999997,56.97,1.0,2018-09-16
700,6543.2,223.07,0.282008,56.71,1.0,2018-09-15
701,6512.71,211.75,0.277159,56.58,1.0,2018-09-14
702,6517.31,211.35,0.28058299999999997,54.54,1.01,2018-09-13
703,6351.8,183.33,0.27008699999999997,51.66,1.0,2018-09-12
704,6321.2,185.07,0.26371,52.37,1.0,2018-09-11
705,6329.7,197.08,0.270321,54.6,1.0,2018-09-10
706,6300.86,196.92,0.27868000000000004,54.92,1.0,2018-09-09
707,6225.98,197.95,0.279333,53.24,1.0,2018-09-08
708,6467.07,217.2,0.291435,56.2,1.01,2018-09-07
709,6529.17,230.22,0.30271,57.49,1.0,2018-09-06
710,6792.83,232.33,0.28360100000000005,58.44,1.01,2018-09-05
711,7361.66,285.72,0.331652,67.71,0.999517,2018-09-04
712,7260.06,289.26,0.335961,65.37,0.998642,2018-09-03
713,7272.72,294.37,0.342523,65.65,0.9978389999999999,2018-09-02
714,7193.25,295.34,0.347721,65.95,0.996813,2018-09-01
715,7037.58,283.0,0.335332,61.93,1.0,2018-08-31
716,6978.23,284.11,0.335444,60.32,1.0,2018-08-30
717,7047.16,289.31,0.344803,61.77,1.0,2018-08-29
718,7096.28,296.5,0.351837,63.02,0.999395,2018-08-28
719,6884.64,285.6,0.336903,60.25,0.9978020000000001,2018-08-27
720,6707.26,275.2,0.323776,57.33,0.9992270000000001,2018-08-26
721,6763.19,279.65,0.32823,57.91,1.0,2018-08-25
722,6719.96,282.97,0.327606,57.93,1.0,2018-08-24
723,6534.88,277.1,0.32770900000000003,57.54,0.998976,2018-08-23
724,6376.71,271.34,0.319803,55.32,1.0,2018-08-22
725,6488.76,281.94,0.335177,56.35,1.0,2018-08-21
726,6308.53,274.32,0.319283,54.0,1.01,2018-08-20
727,6506.07,300.83,0.343978,57.94,1.0,2018-08-19
728,6423.76,295.81,0.3271,57.28,1.0,2018-08-18
729,6580.63,315.73,0.366676,61.51,0.997761,2018-08-17
730,6334.73,288.05,0.29243600000000003,55.36,1.0,2018-08-16
731,6308.52,282.36,0.282005,54.5,1.0,2018-08-15
732,6199.71,278.93,0.27427199999999996,54.56,0.9975430000000001,2018-08-14
733,6297.57,286.5,0.277466,56.85,1.0,2018-08-13
734,6322.69,319.57,0.29786999999999997,59.33,1.0,2018-08-12
735,6295.73,322.11,0.301262,58.36,1.01,2018-08-11
736,6184.71,334.18,0.32042600000000004,59.39,1.0,2018-08-10
737,6568.23,365.59,0.346771,63.98,1.0,2018-08-09
738,6305.8,356.61,0.331944,62.49,1.0,2018-08-08
739,6753.12,380.22,0.381006,68.17,1.0,2018-08-07
740,6951.8,406.66,0.41408100000000003,73.89,1.0,2018-08-06
741,7068.48,410.52,0.433638,74.59,0.999347,2018-08-05
742,7032.85,407.25,0.42850699999999997,73.2,0.998505,2018-08-04
743,7434.39,418.26,0.440571,77.54,0.9990950000000001,2018-08-03
744,7567.15,412.62,0.43025399999999997,76.14,1.0,2018-08-02
745,7624.91,420.75,0.445852,77.86,0.999409,2018-08-01
746,7780.44,433.87,0.435225,79.7,0.9995069999999999,2018-07-31
747,8180.48,457.08,0.446107,82.85,0.9989100000000001,2018-07-30
748,8218.46,466.67,0.45330600000000004,84.08,0.998919,2018-07-29
749,8192.15,466.9,0.453667,83.62,0.9978870000000001,2018-07-28
750,8165.01,469.67,0.453635,84.46,0.9971180000000001,2018-07-27
751,7951.58,464.04,0.44992,84.03,0.997951,2018-07-26
752,8181.39,472.49,0.459829,86.28,0.998791,2018-07-25
753,8424.27,479.37,0.45762299999999995,89.29,0.996505,2018-07-24
754,7711.11,450.85,0.445276,82.43,0.9974959999999999,2018-07-23
755,7418.49,459.66,0.44931099999999996,83.16,0.999843,2018-07-22
756,7419.29,462.44,0.45541000000000004,84.46,1.0,2018-07-21
757,7354.13,450.7,0.44699399999999995,82.75,1.0,2018-07-20
758,7466.86,469.62,0.476433,86.67,0.998088,2018-07-19
759,7370.78,480.51,0.486389,86.96,1.0,2018-07-18
760,7321.04,501.0,0.505587,89.81,1.0,2018-07-17
761,6741.75,480.66,0.483401,84.6,0.9991389999999999,2018-07-16
762,6359.64,449.85,0.44589399999999996,78.94,0.998352,2018-07-15
763,6276.12,436.09,0.439271,76.72,1.0,2018-07-14
764,6238.05,434.03,0.438741,76.94,1.0,2018-07-13
765,6228.81,430.07,0.43536400000000003,76.81,0.9990700000000001,2018-07-12
766,6394.71,446.52,0.450233,78.7,1.0,2018-07-11
767,6329.95,434.42,0.445042,76.08,1.0,2018-07-10
768,6741.75,476.68,0.47426999999999997,80.86,1.01,2018-07-09
769,6773.88,489.12,0.477749,82.4,1.0,2018-07-08
770,6856.93,491.66,0.49247700000000005,86.2,1.01,2018-07-07
771,6673.5,474.01,0.47915100000000005,83.38,1.0,2018-07-06
772,6639.14,474.41,0.481625,83.76,1.01,2018-07-05
773,6597.55,467.32,0.490043,85.49,0.999195,2018-07-04
774,6529.59,464.2,0.48522299999999996,85.1,1.0,2018-07-03
775,6614.18,475.35,0.486122,85.26,0.998859,2018-07-02
776,6385.82,453.92,0.461358,80.24,0.998821,2018-07-01
777,6404.0,455.18,0.46624499999999997,81.37,0.999192,2018-06-30
778,6218.3,436.01,0.45308000000000004,78.77,1.0,2018-06-29
779,5903.44,422.36,0.44845799999999997,74.93,0.997193,2018-06-28
780,6157.13,442.36,0.47036999999999995,80.66,0.997935,2018-06-27
781,6093.67,432.77,0.45600100000000005,76.87,1.0,2018-06-26
782,6249.18,460.31,0.481753,81.83,1.0,2018-06-25
783,6173.23,457.67,0.47738,80.78,1.01,2018-06-24
784,6162.48,474.52,0.491284,82.6,1.0,2018-06-23
785,6083.69,465.82,0.486947,85.08,1.0,2018-06-22
786,6729.74,527.37,0.534775,96.93,1.0,2018-06-21
787,6776.55,536.27,0.5392859999999999,97.99,0.9988290000000001,2018-06-20
788,6769.94,537.96,0.549621,98.84,1.0,2018-06-19
789,6734.82,518.89,0.537495,98.82,1.0,2018-06-18
790,6499.27,500.45,0.528216,96.1,1.01,2018-06-17
791,6550.16,499.64,0.534784,97.58,1.0,2018-06-16
792,6456.58,491.0,0.5377069999999999,96.68,1.01,2018-06-15
793,6675.35,519.74,0.5613060000000001,101.15,1.0,2018-06-14
794,6349.9,477.49,0.534663,94.08,1.0,2018-06-13
795,6582.36,496.84,0.562933,100.75,1.0,2018-06-12
796,6906.92,533.28,0.604066,107.52,1.0,2018-06-11
797,6786.02,526.48,0.588126,107.04,0.998215,2018-06-10
798,7531.98,597.56,0.659755,117.74,1.01,2018-06-09
799,7624.92,601.08,0.674343,120.08,1.0,2018-06-08
800,7678.24,605.19,0.678128,121.43,0.99875,2018-06-07
801,7653.98,607.12,0.674797,121.18,1.0,2018-06-06
802,7633.76,609.3,0.6770149999999999,121.7,1.0,2018-06-05
803,7514.47,592.98,0.661425,119.9,1.0,2018-06-04
804,7720.25,618.33,0.671205,125.5,1.0,2018-06-03
805,7643.45,591.81,0.643451,123.31,0.9935299999999999,2018-06-02
806,7541.45,580.04,0.623364,119.92,1.0,2018-06-01
807,7494.17,577.65,0.612622,118.07,0.9980030000000001,2018-05-31
808,7406.52,559.59,0.605817,117.53,0.999727,2018-05-30
809,7472.59,565.39,0.601241,119.57,1.0,2018-05-29
810,7135.99,516.04,0.552299,111.6,1.0,2018-05-28
811,7368.22,572.67,0.607881,117.99,0.999182,2018-05-27
812,7355.88,587.28,0.612708,118.28,0.99989,2018-05-26
813,7480.14,586.73,0.611001,119.44,1.0,2018-05-25
814,7587.34,601.76,0.631997,122.61,0.998818,2018-05-24
815,7557.82,583.59,0.599594,119.31,1.0,2018-05-23
816,8041.78,647.74,0.645567,128.68,1.0,2018-05-22
817,8418.99,699.22,0.6815869999999999,134.51,1.0,2018-05-21
818,8513.25,715.37,0.700244,139.7,0.999117,2018-05-20
819,8247.18,696.53,0.676713,135.32,1.0,2018-05-19
820,8250.97,694.37,0.680294,136.06,1.0,2018-05-18
821,8094.32,672.66,0.6673100000000001,132.77,1.0,2018-05-17
822,8368.83,707.05,0.7140810000000001,139.27,0.99995,2018-05-16
823,8510.38,708.87,0.698588,139.88,1.0,2018-05-15
824,8716.79,730.55,0.740898,147.71,1.0,2018-05-14
825,8723.94,733.5,0.745748,144.59,1.0,2018-05-13
826,8504.89,686.05,0.696735,141.88,1.0,2018-05-12
827,8441.49,679.59,0.684948,137.12,1.0,2018-05-11
828,9043.94,727.28,0.7582369999999999,149.87,1.0,2018-05-10
829,9325.18,752.28,0.8020430000000001,157.05,1.0,2018-05-09
830,9234.82,752.86,0.81397,159.62,1.0,2018-05-08
831,9373.01,753.72,0.832641,164.88,0.997237,2018-05-07
832,9654.8,792.31,0.871424,171.8,0.997202,2018-05-06
833,9858.15,816.12,0.9051030000000001,177.76,0.9962840000000001,2018-05-05
834,9700.76,785.62,0.895442,168.79,0.998561,2018-05-04
835,9743.86,779.54,0.884466,161.46,0.997973,2018-05-03
836,9235.92,687.15,0.859094,151.58,0.9974639999999999,2018-05-02
837,9119.01,673.61,0.841407,148.49,1.0,2018-05-01
838,9240.55,669.92,0.837938,148.48,0.998919,2018-04-30
839,9419.08,688.88,0.872778,153.63,0.998016,2018-04-29
840,9348.48,683.68,0.8638040000000001,152.3,0.9993350000000001,2018-04-28
841,8987.05,647.03,0.8138850000000001,145.9,1.0,2018-04-27
842,9281.51,662.81,0.8524139999999999,153.68,0.9996139999999999,2018-04-26
843,8845.74,615.42,0.800607,144.76,0.991809,2018-04-25
844,9697.5,708.16,0.934781,165.78,1.0,2018-04-24
845,8930.88,642.55,0.876657,152.25,0.9978469999999999,2018-04-23
846,8802.46,621.86,0.8699950000000001,146.77,0.9961959999999999,2018-04-22
847,8895.58,605.4,0.8731030000000001,148.93,0.999014,2018-04-21
848,8845.83,615.72,0.924465,155.54,0.998338,2018-04-20
849,8294.31,567.89,0.791976,146.3,0.997185,2018-04-19
850,8163.42,524.79,0.708932,140.0,0.997609,2018-04-18
851,7902.09,502.89,0.656933,132.93,0.998556,2018-04-17
852,8058.67,511.15,0.663297,128.34,0.997592,2018-04-16
853,8329.11,531.7,0.682534,132.04,0.998602,2018-04-15
854,7986.24,501.48,0.632184,126.29,0.9997659999999999,2018-04-14
855,7895.96,492.73,0.638087,125.35,0.9988950000000001,2018-04-13
856,7889.25,492.94,0.628737,129.34,0.9968309999999999,2018-04-12
857,6968.32,430.54,0.539506,118.29,1.0,2018-04-11
858,6834.76,414.24,0.49193100000000006,114.26,0.9973559999999999,2018-04-10
859,6770.73,398.53,0.49185500000000004,114.99,0.997555,2018-04-09
860,7023.52,400.51,0.500398,117.67,0.9968090000000001,2018-04-08
861,6911.09,385.31,0.487867,116.26,0.9996440000000001,2018-04-07
862,6636.32,370.29,0.47643100000000005,113.15,1.0,2018-04-06
863,6811.47,383.23,0.49580100000000005,119.13,1.0,2018-04-05
864,6853.84,380.54,0.501631,118.41,1.0,2018-04-04
865,7456.11,416.89,0.558044,134.47,1.0,2018-04-03
866,7083.8,386.42,0.500688,119.31,1.0,2018-04-02
867,6844.23,379.61,0.48508100000000004,115.22,0.9998100000000001,2018-04-01
868,6973.53,396.46,0.512353,116.61,1.0,2018-03-31
869,6890.52,394.64,0.5095649999999999,118.6,0.998943,2018-03-30
870,7165.7,385.97,0.5115109999999999,114.68,0.9986229999999999,2018-03-29
871,7954.48,446.28,0.578002,131.75,0.9992040000000001,2018-03-28
872,7833.04,450.12,0.577917,135.78,1.0,2018-03-27
873,8209.4,489.95,0.599463,149.22,1.0,2018-03-26
874,8495.78,524.29,0.641875,160.08,0.9996860000000001,2018-03-25
875,8668.12,526.44,0.641265,159.63,1.01,2018-03-24
876,8879.62,539.62,0.643174,167.83,0.9902350000000001,2018-03-23
877,8728.47,539.7,0.6627430000000001,163.67,0.9989819999999999,2018-03-22
878,8929.28,561.73,0.6936640000000001,169.05,0.999244,2018-03-21
879,8913.47,557.17,0.709808,168.82,0.9968319999999999,2018-03-20
880,8630.65,556.73,0.74908,161.14,0.989867,2018-03-19
881,8223.68,538.64,0.6587770000000001,154.07,1.0,2018-03-18
882,7916.88,552.78,0.6378560000000001,152.97,1.0,2018-03-17
883,8338.35,601.67,0.68926,165.45,0.998551,2018-03-16
884,8300.86,611.3,0.6972689999999999,164.48,1.0,2018-03-15
885,8269.81,614.29,0.701902,161.1,1.0,2018-03-14
886,9194.85,690.83,0.7897109999999999,175.78,0.999843,2018-03-13
887,9205.12,699.83,0.801048,178.23,1.0,2018-03-12
888,9578.63,723.34,0.8311219999999999,188.95,1.0,2018-03-11
889,8866.0,686.89,0.7966270000000001,177.73,1.01,2018-03-10
890,9337.55,728.92,0.8497610000000001,187.17,1.0,2018-03-09
891,9395.01,704.6,0.825857,176.51,1.01,2018-03-08
892,9965.57,752.83,0.87121,185.84,1.0,2018-03-07
893,10779.9,816.95,0.9228870000000001,196.6,1.0,2018-03-06
894,11573.3,853.68,0.959368,211.18,0.998864,2018-03-05
895,11512.6,866.68,1.01,213.8,0.997612,2018-03-04
896,11489.7,857.22,0.907804,210.64,1.0,2018-03-03
897,11086.4,856.85,0.9101440000000001,212.56,0.9997299999999999,2018-03-02
898,10951.0,872.2,0.9283469999999999,209.75,1.0,2018-03-01
899,10397.9,855.2,0.904583,202.9,0.9989030000000001,2018-02-28
900,10725.6,878.27,0.947305,216.6,1.0,2018-02-27
901,10366.7,869.32,0.956859,220.96,0.999561,2018-02-26
902,9664.73,844.81,0.9434870000000001,220.48,1.0,2018-02-25
903,9813.07,840.52,0.9544020000000001,209.42,1.0,2018-02-24
904,10301.1,864.19,0.9988549999999999,209.31,1.0,2018-02-23
905,10005.0,812.84,0.941788,195.31,1.0,2018-02-22
906,10690.4,849.97,1.02,213.35,1.0,2018-02-21
907,11403.7,895.37,1.09,232.85,1.0,2018-02-20
908,11225.3,943.86,1.14,223.06,1.0,2018-02-19
909,10551.8,923.92,1.12,215.74,1.01,2018-02-18
910,11112.7,974.11,1.2,229.46,1.0,2018-02-17
911,10233.9,944.21,1.14,230.12,1.0,2018-02-16
912,10166.4,936.98,1.15,225.43,1.01,2018-02-15
913,9494.63,923.56,1.14,213.36,1.0,2018-02-14
914,8598.31,845.26,1.03,159.55,1.0,2018-02-13
915,8926.57,868.71,1.08,161.57,1.0,2018-02-12
916,8129.97,814.66,1.0,148.99,0.999251,2018-02-11
917,8621.9,860.41,1.07,155.59,1.0,2018-02-10
918,8736.98,883.86,0.954428,163.95,1.0,2018-02-09
919,8265.59,817.81,0.8052630000000001,149.47,1.02,2018-02-08
920,7621.3,757.07,0.723895,138.2,1.0,2018-02-07
921,7754.0,793.12,0.776393,142.99,1.01,2018-02-06
922,6955.27,697.95,0.6917989999999999,125.33,0.996308,2018-02-05
923,8277.01,834.68,0.815703,148.02,1.01,2018-02-04
924,9174.91,964.02,0.9240430000000001,160.25,1.0,2018-02-03
925,8830.75,915.78,0.884784,131.38,0.9907469999999999,2018-02-02
926,9170.54,1036.79,0.9625299999999999,142.3,0.9869389999999999,2018-02-01
927,10221.1,1118.31,1.16,163.35,0.990274,2018-01-31
928,10106.3,1071.13,1.14,165.28,0.9864860000000001,2018-01-30
929,11296.4,1182.36,1.32,181.66,0.9953190000000001,2018-01-29
930,11786.3,1246.01,1.4,193.87,0.98879,2018-01-28
931,11440.7,1107.07,1.22,180.89,0.993325,2018-01-27
932,11171.4,1055.17,1.22,176.73,1.0,2018-01-26
933,11259.4,1056.03,1.31,180.27,0.9995950000000001,2018-01-25
934,11359.4,1058.78,1.36,179.99,0.997484,2018-01-24
935,10868.4,986.23,1.34,177.81,1.01,2018-01-23
936,10931.4,1003.26,1.36,180.01,1.01,2018-01-22
937,11600.1,1049.58,1.38,190.42,0.9998610000000001,2018-01-21
938,12899.2,1155.15,1.58,211.02,1.0,2018-01-20
939,11607.4,1039.1,1.55,192.96,1.0,2018-01-19
940,11474.9,1036.28,1.6,192.84,1.02,2018-01-18
941,11188.6,1014.25,1.31,186.52,1.01,2018-01-17
942,11490.5,1053.69,1.18,188.33,1.03,2018-01-16
943,13819.8,1291.92,1.68,232.77,1.01,2018-01-15
944,13772.0,1366.77,1.86,238.68,1.02,2018-01-14
945,14360.2,1396.42,2.02,259.19,1.0,2018-01-13
946,13980.6,1273.2,2.04,236.86,1.01,2018-01-12
947,13405.8,1154.93,1.95,229.37,1.0,2018-01-11
948,14973.3,1255.82,1.97,250.52,1.0,2018-01-10
949,14595.4,1299.74,2.1,247.04,1.01,2018-01-09
950,15170.1,1148.53,2.46,255.76,1.01,2018-01-08
951,16477.6,1153.17,3.38,288.45,1.0,2018-01-07
952,17527.0,1041.68,3.09,296.45,1.01,2018-01-06
953,17429.5,997.72,3.05,249.27,0.998634,2018-01-05
954,15599.2,980.92,3.2,241.37,1.0,2018-01-04
955,15201.0,962.72,3.11,245.37,1.01,2018-01-03
956,14982.1,884.44,2.48,255.68,1.0,2018-01-02
957,13657.2,772.64,2.39,229.03,1.01,2018-01-01
958,14156.4,756.73,2.3,232.1,1.01,2017-12-31
959,12952.2,717.26,2.16,218.96,1.02,2017-12-30
960,14656.2,753.59,2.21,245.5,1.01,2017-12-29
961,14606.5,737.02,1.43,249.93,1.01,2017-12-28
962,15838.5,762.84,1.4,272.17,1.0,2017-12-27
963,16099.8,773.84,1.19,286.5,1.0,2017-12-26
964,14026.6,765.83,1.12,273.39,1.01,2017-12-25
965,13925.8,694.15,1.04,275.98,1.02,2017-12-24
966,14699.2,719.39,1.17,288.27,1.05,2017-12-23
967,13831.8,674.86,1.14,264.93,1.02,2017-12-22
968,15802.9,821.06,1.19,317.46,1.01,2017-12-21
969,16624.6,819.09,0.775964,314.62,1.0,2017-12-20
970,17776.7,826.82,0.791257,350.25,1.01,2017-12-19
971,19114.2,794.65,0.778407,358.34,1.01,2017-12-18
972,19140.8,719.97,0.728366,318.72,1.01,2017-12-17
973,19497.4,696.21,0.758642,298.97,1.01,2017-12-16
974,17706.9,684.45,0.756181,299.78,1.02,2017-12-15
975,16564.0,695.82,0.8642629999999999,279.33,1.01,2017-12-14
976,16408.2,702.77,0.471063,302.6,1.03,2017-12-13
977,17415.4,651.43,0.373541,316.16,1.08,2017-12-12
978,16936.8,515.14,0.251691,214.2,1.02,2017-12-11
979,15455.4,441.72,0.237333,148.66,1.02,2017-12-10
980,15178.2,473.5,0.24470799999999998,155.24,1.02,2017-12-09
981,16569.4,456.03,0.252125,124.85,1.02,2017-12-08
982,17899.7,434.41,0.222823,98.29,1.03,2017-12-07
983,14291.5,428.59,0.232544,100.35,1.01,2017-12-06
984,11916.7,463.28,0.24610100000000001,102.4,1.0,2017-12-05
985,11657.2,470.2,0.253571,104.24,1.0,2017-12-04
986,11323.2,465.85,0.252558,101.26,1.0,2017-12-03
987,11074.6,463.45,0.255492,100.28,0.999654,2017-12-02
988,10975.6,466.54,0.25569899999999995,99.0,1.01,2017-12-01
989,10233.6,447.11,0.25087800000000005,88.33,1.01,2017-11-30
990,9888.61,427.52,0.24306399999999997,85.57,0.990606,2017-11-29
991,10058.8,472.9,0.299152,96.03,1.0,2017-11-28
992,9818.35,480.36,0.253927,91.6,1.0,2017-11-27
993,9330.55,471.33,0.24881799999999998,85.93,1.01,2017-11-26
994,8790.92,466.28,0.252393,88.82,1.01,2017-11-25
995,8253.69,474.91,0.244642,77.97,1.0,2017-11-24
996,8038.77,410.17,0.242402,73.22,0.9946309999999999,2017-11-23
997,8253.55,380.65,0.23885900000000002,71.89,1.0,2017-11-22
998,8071.26,360.4,0.233271,70.03,0.9960469999999999,2017-11-21
999,8200.64,366.73,0.23875900000000003,72.25,1.0,2017-11-20
1000,8036.49,354.39,0.231016,71.59,1.0,2017-11-19
1001,7790.15,347.61,0.228627,69.64,1.0,2017-11-18
1002,7708.99,332.39,0.226581,67.57,1.0,2017-11-17
1003,7871.69,330.92,0.227107,71.06,1.0,2017-11-16
1004,7315.54,333.36,0.212956,63.82,1.0,2017-11-15
1005,6635.75,337.63,0.209825,62.68,1.01,2017-11-14
1006,6559.49,316.72,0.203442,61.4,1.01,2017-11-13
1007,5950.07,307.91,0.19733900000000001,59.01,1.01,2017-11-12
1008,6357.6,314.68,0.21043,62.3,1.01,2017-11-11
1009,6618.14,299.25,0.206483,59.26,1.01,2017-11-10
1010,7143.58,320.88,0.21748800000000001,64.27,1.01,2017-11-09
1011,7459.69,309.07,0.217437,62.57,1.01,2017-11-08
1012,7144.38,294.66,0.21035399999999999,61.3,1.01,2017-11-07
1013,7022.76,298.89,0.20599,55.17,1.0,2017-11-06
1014,7407.41,296.26,0.20205499999999998,54.75,0.9988,2017-11-05
1015,7379.95,300.47,0.20375,55.04,1.0,2017-11-04
1016,7207.76,305.71,0.20813299999999998,56.18,1.01,2017-11-03
1017,7078.5,287.43,0.20586100000000002,54.74,1.0,2017-11-02
1018,6767.31,291.69,0.194124,53.18,1.0,2017-11-01
1019,6468.4,305.88,0.200558,55.75,1.0,2017-10-31
1020,6130.53,307.75,0.202711,56.39,1.0,2017-10-30
1021,6153.85,305.09,0.202785,57.11,1.0,2017-10-29
1022,5753.09,296.3,0.201835,54.69,1.0,2017-10-28
1023,5780.9,297.42,0.202785,55.33,1.0,2017-10-27
1024,5904.83,296.53,0.203628,55.74,0.999868,2017-10-26
1025,5750.8,297.92,0.204604,56.49,1.0,2017-10-25
1026,5526.64,298.33,0.206644,55.96,1.0,2017-10-24
1027,5930.32,286.95,0.196928,54.92,0.9965360000000001,2017-10-23
1028,6008.42,295.45,0.204177,56.81,1.0,2017-10-22
1029,6031.6,300.19,0.21101599999999998,58.2,1.0,2017-10-21
1030,6011.45,304.01,0.210549,60.33,1.0,2017-10-20
1031,5708.52,308.09,0.21515,59.74,1.0,2017-10-19
1032,5590.69,314.32,0.21852,60.73,1.0,2017-10-18
1033,5605.51,317.08,0.232064,59.48,0.9993350000000001,2017-10-17
1034,5725.59,333.38,0.256232,64.62,0.9980100000000001,2017-10-16
1035,5678.19,336.6,0.26398299999999997,65.47,0.999242,2017-10-15
1036,5831.79,339.63,0.25732,63.95,0.9997090000000001,2017-10-14
1037,5647.21,338.76,0.26048899999999997,59.43,1.0,2017-10-13
1038,5446.91,304.14,0.248414,60.11,0.997423,2017-10-12
1039,4826.48,303.46,0.264439,50.89,0.998625,2017-10-11
1040,4781.99,299.87,0.260733,50.72,0.999441,2017-10-10
1041,4772.02,297.39,0.251825,50.16,0.9997799999999999,2017-10-09
1042,4610.48,308.61,0.279944,53.14,0.998442,2017-10-08
1043,4426.89,311.12,0.23861,52.58,0.9993200000000001,2017-10-07
1044,4370.81,308.59,0.234039,52.12,1.0,2017-10-06
1045,4328.41,295.86,0.23701599999999998,51.67,1.0,2017-10-05
1046,4229.36,292.66,0.21477399999999996,51.4,1.0,2017-10-04
1047,4317.48,292.46,0.203318,52.35,1.0,2017-10-03
1048,4409.32,297.48,0.202676,53.38,1.0,2017-10-02
1049,4403.74,302.34,0.20653200000000002,54.54,0.9999239999999999,2017-10-01
1050,4338.71,301.46,0.197529,55.14,0.9964879999999999,2017-09-30
1051,4163.07,291.47,0.193606,52.62,0.999863,2017-09-29
1052,4174.73,299.15,0.196131,54.09,1.0,2017-09-28
1053,4200.67,306.47,0.203299,56.28,1.0,2017-09-27
1054,3892.35,287.44,0.186119,51.55,1.0,2017-09-26
1055,3926.07,292.33,0.18148699999999998,51.58,1.0,2017-09-25
1056,3682.84,282.48,0.175787,47.62,1.0,2017-09-24
1057,3792.4,286.17,0.17788199999999998,49.27,1.0,2017-09-23
1058,3630.7,264.31,0.17351,48.09,1.0,2017-09-22
1059,3631.04,258.58,0.171754,46.61,1.0,2017-09-21
1060,3905.95,283.74,0.182078,51.73,1.0,2017-09-20
1061,3924.97,282.8,0.184041,52.84,1.0,2017-09-19
1062,4065.2,293.5,0.18976800000000002,55.53,1.0,2017-09-18
1063,3582.88,251.75,0.178393,48.49,1.01,2017-09-17
1064,3625.04,246.52,0.179082,48.26,1.0,2017-09-16
1065,3637.52,250.46,0.181358,48.21,1.01,2017-09-15
1066,3154.95,213.91,0.164167,41.58,1.0,2017-09-14
1067,3882.59,277.11,0.20077799999999998,61.73,1.0,2017-09-13
1068,4130.81,291.46,0.20930300000000002,64.23,1.01,2017-09-12
1069,4161.27,294.53,0.214441,66.04,1.0,2017-09-11
1070,4122.94,288.75,0.213031,61.61,1.01,2017-09-10
1071,4226.06,294.4,0.209995,66.01,1.0,2017-09-09
1072,4228.75,296.5,0.21151799999999998,67.79,1.01,2017-09-08
1073,4599.88,329.43,0.22364,78.48,1.0,2017-09-07
1074,4597.12,334.34,0.22618600000000003,80.11,1.01,2017-09-06
1075,4376.53,312.99,0.215189,71.29,1.0,2017-09-05
1076,4236.31,295.17,0.20496799999999998,65.21,1.03,2017-09-04
1077,4582.96,347.48,0.22881100000000001,76.84,1.0,2017-09-03
1078,4578.77,348.98,0.226669,79.02,1.02,2017-09-02
1079,4892.01,387.74,0.248479,86.04,1.0,2017-09-01
1080,4703.39,383.04,0.25563,71.06,1.0,2017-08-31
1081,4565.3,378.48,0.228006,64.17,1.0,2017-08-30
1082,4579.02,370.67,0.21856399999999998,63.17,1.0,2017-08-29
1083,4382.66,347.75,0.22450799999999999,62.36,1.0,2017-08-28
1084,4382.88,347.89,0.202995,61.16,1.0,2017-08-27
1085,4352.4,333.88,0.212577,51.75,0.9989319999999999,2017-08-26
1086,4371.6,331.92,0.21782800000000002,51.18,1.0,2017-08-25
1087,4334.68,325.61,0.21895799999999999,50.19,1.0,2017-08-24
1088,4151.52,317.52,0.246827,53.25,1.0,2017-08-23
1089,4100.52,314.79,0.23928600000000003,46.73,1.01,2017-08-22
1090,4001.74,321.59,0.191918,47.94,0.9992629999999999,2017-08-21
1091,4087.66,301.43,0.158735,46.23,0.9966290000000001,2017-08-20
1092,4193.7,297.47,0.155057,45.48,1.0,2017-08-19
1093,4160.62,295.59,0.158883,47.28,1.01,2017-08-18
1094,4331.69,301.46,0.157498,43.91,1.01,2017-08-17
1095,4376.63,302.27,0.160431,44.15,1.0,2017-08-16
1096,4181.93,289.82,0.161221,43.31,1.0,2017-08-15
1097,4325.13,300.1,0.169991,45.8,0.9981629999999999,2017-08-14
1098,4073.26,298.06,0.16809200000000002,45.81,0.998616,2017-08-13
1099,3884.71,310.6,0.173853,46.43,1.0,2017-08-12
1100,3650.62,308.86,0.179307,47.1,1.0,2017-08-11
1101,3381.28,295.89,0.180399,46.5,0.992991,2017-08-10
1102,3342.47,296.03,0.182947,48.01,1.0,2017-08-09
1103,3419.94,296.77,0.19258599999999998,48.63,1.0,2017-08-08
1104,3378.94,269.18,0.179021,45.8,0.9962540000000001,2017-08-07
1105,3213.94,261.57,0.180444,45.1,1.0,2017-08-06
1106,3252.91,256.51,0.18473699999999998,46.86,0.9983139999999999,2017-08-05
1107,2895.89,223.07,0.173743,43.45,1.0,2017-08-04
1108,2804.73,225.34,0.174612,42.86,0.969304,2017-08-03
1109,2710.67,219.95,0.17311300000000002,42.13,1.0,2017-08-02
1110,2718.26,226.77,0.177053,43.04,0.996819,2017-08-01
1111,2875.34,203.87,0.16738599999999998,43.02,1.0,2017-07-31
1112,2757.18,197.98,0.165082,40.42,0.998868,2017-07-30
1113,2726.45,205.79,0.169871,41.12,0.996619,2017-07-29
1114,2809.01,193.12,0.165937,40.61,1.0,2017-07-28
1115,2671.78,204.32,0.173457,42.14,0.997275,2017-07-27
1116,2529.45,203.95,0.173822,42.23,0.9969549999999999,2017-07-26
1117,2576.48,206.71,0.17810399999999998,42.24,0.9998020000000001,2017-07-25
1118,2754.86,224.71,0.192002,44.41,0.9939969999999999,2017-07-24
1119,2730.4,225.95,0.19505799999999998,44.06,0.997761,2017-07-23
1120,2810.12,229.48,0.19332,46.56,0.9932,2017-07-22
1121,2667.76,218.3,0.182608,45.76,0.997202,2017-07-21
1122,2817.6,227.26,0.18829500000000002,45.02,0.986866,2017-07-20
1123,2273.43,199.7,0.168388,40.86,1.0,2017-07-19
1124,2318.88,234.39,0.188718,44.3,0.998216,2017-07-18
1125,2228.41,193.42,0.17788900000000002,42.67,0.9968879999999999,2017-07-17
1126,1929.82,157.36,0.148056,40.91,0.9991610000000001,2017-07-16
1127,1998.86,170.65,0.17058900000000002,38.92,1.0,2017-07-15
1128,2233.34,199.66,0.190769,42.8,1.0,2017-07-14
1129,2357.9,209.73,0.200809,46.33,1.0,2017-07-13
1130,2398.84,230.77,0.205354,48.75,0.9974559999999999,2017-07-12
1131,2337.79,197.4,0.18501900000000002,45.33,1.01,2017-07-11
1132,2372.56,215.36,0.203165,46.58,1.01,2017-07-10
1133,2518.44,242.14,0.23341599999999998,49.58,1.01,2017-07-09
1134,2571.34,251.7,0.236134,52.14,0.999725,2017-07-08
1135,2518.66,245.99,0.23948000000000003,46.58,1.01,2017-07-07
1136,2608.56,270.55,0.254641,51.13,1.0,2017-07-06
1137,2601.99,268.77,0.256523,53.19,0.99646,2017-07-05
1138,2601.64,273.3,0.254709,55.33,0.998828,2017-07-04
1139,2564.06,282.9,0.259959,46.43,1.0,2017-07-03
1140,2506.47,287.99,0.259449,41.57,1.02,2017-07-02
1141,2434.55,274.6,0.254744,38.99,1.02,2017-07-01
1142,2480.84,294.92,0.26293,40.35,1.01,2017-06-30
1143,2539.32,302.88,0.265421,41.07,1.02,2017-06-29
1144,2574.79,327.93,0.280455,42.85,1.01,2017-06-28
1145,2552.45,293.09,0.276306,40.54,1.01,2017-06-27
1146,2478.45,272.69,0.27728800000000003,41.13,1.01,2017-06-26
1147,2589.41,303.25,0.298423,43.92,1.01,2017-06-25
1148,2608.72,323.7,0.31111,44.49,1.02,2017-06-24
1149,2744.91,341.74,0.31997800000000004,47.34,1.01,2017-06-23
1150,2705.41,336.37,0.297848,47.71,0.972902,2017-06-22
1151,2689.1,336.87,0.29636599999999996,47.79,0.981361,2017-06-21
1152,2721.79,359.01,0.324427,47.22,0.9752719999999999,2017-06-20
1153,2589.6,370.06,0.296068,50.32,0.9864059999999999,2017-06-19
1154,2548.29,371.46,0.2846,46.04,1.0,2017-06-18
1155,2655.88,379.41,0.268351,47.65,0.988584,2017-06-17
1156,2518.56,370.23,0.26206799999999997,35.7,1.02,2017-06-16
1157,2464.58,361.93,0.259266,30.22,1.02,2017-06-15
1158,2506.37,359.05,0.278447,30.22,1.03,2017-06-14
1159,2717.02,397.54,0.26615300000000003,30.64,1.01,2017-06-13
1160,2659.63,401.49,0.25396399999999997,29.5,1.02,2017-06-12
1161,2958.11,340.61,0.27275900000000003,33.22,1.01,2017-06-11
1162,2947.71,337.67,0.260874,30.44,1.02,2017-06-10
1163,2823.81,281.74,0.286019,29.68,1.0,2017-06-09
1164,2805.62,261.67,0.28967800000000005,30.21,1.0,2017-06-08
1165,2732.16,258.07,0.279783,28.39,1.01,2017-06-07
1166,2863.2,264.47,0.284548,30.55,1.0,2017-06-06
1167,2686.81,248.46,0.294003,30.84,1.02,2017-06-05
1168,2511.81,245.33,0.299413,27.94,1.01,2017-06-04
1169,2515.35,224.38,0.29458,27.66,1.02,2017-06-03
1170,2488.55,223.77,0.303448,28.94,1.02,2017-06-02
1171,2407.88,222.24,0.33365700000000004,28.8,1.03,2017-06-01
1172,2286.41,230.67,0.24659,25.3,1.04,2017-05-31
1173,2175.47,231.91,0.20532399999999998,24.14,1.01,2017-05-30
1174,2255.61,194.91,0.23206999999999997,25.21,1.02,2017-05-29
1175,2155.8,170.51,0.229554,24.22,1.04,2017-05-28
1176,2038.87,157.76,0.212549,23.74,1.02,2017-05-27
1177,2202.42,160.4,0.271808,23.75,1.04,2017-05-26
1178,2304.98,174.45,0.246065,29.9,1.04,2017-05-25
1179,2443.64,190.05,0.29589,34.45,1.02,2017-05-24
1180,2320.42,181.95,0.323368,32.11,1.01,2017-05-23
1181,2173.4,174.26,0.317954,25.38,1.01,2017-05-22
1182,2041.2,157.94,0.336201,26.3,1.0,2017-05-21
1183,2084.73,126.52,0.351634,27.51,0.993431,2017-05-20
1184,1987.71,129.53,0.327801,27.7,1.0,2017-05-19
1185,1888.65,96.91,0.364869,28.36,0.967143,2017-05-18
1186,1839.09,89.86,0.39413200000000004,25.4,0.9704290000000001,2017-05-17
1187,1734.45,89.44,0.34986100000000003,23.33,0.958591,2017-05-16
1188,1738.43,92.41,0.27071999999999996,25.37,0.967298,2017-05-15
1189,1808.91,90.79,0.220223,28.89,0.9811059999999999,2017-05-14
1190,1804.91,90.84,0.214878,28.91,0.973648,2017-05-13
1191,1724.24,88.66,0.20606799999999997,27.45,0.9760700000000001,2017-05-12
1192,1848.57,89.88,0.183135,30.72,0.983721,2017-05-11
1193,1787.13,89.52,0.186066,31.96,0.982,2017-05-10
1194,1755.36,91.16,0.160074,33.58,0.9704870000000001,2017-05-09
1195,1723.35,91.42,0.198212,28.96,0.96726,2017-05-08
1196,1596.71,94.01,0.141763,30.29,0.96899,2017-05-07
1197,1578.8,97.81,0.10179099999999999,28.16,0.968619,2017-05-06
1198,1555.45,94.4,0.093551,26.27,0.955601,2017-05-05
1199,1537.67,96.98,0.078914,23.39,0.945931,2017-05-04
1200,1490.09,79.72,0.060489999999999995,21.04,0.933351,2017-05-03
1201,1452.82,77.26,0.053908000000000005,15.9,0.932607,2017-05-02
1202,1421.6,76.3,0.055115,15.92,0.9358709999999999,2017-05-01
1203,1347.89,79.02,0.05160700000000001,15.71,0.9368540000000001,2017-04-30
1204,1321.79,68.38,0.052868,15.74,0.937193,2017-04-29
1205,1316.48,70.16,0.044475,14.34,0.934542,2017-04-28
1206,1317.73,62.17,0.034816,14.62,0.924351,2017-04-27
1207,1281.08,52.72,0.032797,14.85,0.92105,2017-04-26
1208,1265.49,49.89,0.032346,15.21,0.913595,2017-04-25
1209,1250.15,50.03,0.031383999999999995,14.97,0.91789,2017-04-24
1210,1207.21,48.49,0.031278,13.94,0.921333,2017-04-23
1211,1231.71,48.55,0.03177,13.06,0.9409290000000001,2017-04-22
1212,1222.05,48.22,0.032779,11.23,0.9841690000000001,2017-04-21
1213,1229.08,49.67,0.029983999999999997,10.33,0.998275,2017-04-20
1214,1210.29,48.31,0.030173000000000002,9.66,0.9995229999999999,2017-04-19
1215,1211.67,50.71,0.033184,10.32,0.999616,2017-04-18
1216,1193.91,48.3,0.033655000000000004,10.42,0.999288,2017-04-17
1217,1182.94,48.72,0.033462,10.71,0.999458,2017-04-16
1218,1172.52,49.1,0.033955,10.79,0.9999389999999999,2017-04-15
1219,1167.54,47.57,0.033779,10.39,0.998986,2017-04-14
1220,1169.28,50.22,0.034383,10.15,0.9996120000000001,2017-04-13
1221,1200.37,46.29,0.034336,10.79,0.9995620000000001,2017-04-12
1222,1205.01,43.41,0.032951999999999995,8.85,0.999843,2017-04-11
1223,1187.13,43.44,0.033598,8.92,0.9999309999999999,2017-04-10
1224,1187.87,43.27,0.03402,8.71,0.9999600000000001,2017-04-09
1225,1175.95,44.31,0.035849,9.92,0.9997159999999999,2017-04-08
1226,1176.9,42.16,0.03632,9.37,0.999873,2017-04-07
1227,1182.68,43.24,0.032665,10.25,0.9999389999999999,2017-04-06
1228,1124.78,45.3,0.035544,11.09,1.0,2017-04-05
1229,1133.25,44.64,0.037455,8.29,1.0,2017-04-04
1230,1143.81,44.36,0.033023000000000004,8.07,0.9997520000000001,2017-04-03
1231,1102.17,48.75,0.061159000000000005,7.74,1.0,2017-04-02
1232,1080.5,50.7,0.021892,6.88,0.9995860000000001,2017-04-01
1233,1071.79,50.04,0.020888999999999998,6.67,1.0,2017-03-31
1234,1026.43,52.21,0.013276,6.98,0.999986,2017-03-30
1235,1039.97,53.13,0.010101,4.19,0.9999469999999999,2017-03-29
1236,1047.15,50.77,0.009514,4.16,1.0,2017-03-28
1237,1045.77,49.67,0.009597,4.08,1.0,2017-03-27
1238,966.72,50.52,0.009545,4.06,1.0,2017-03-26
1239,972.78,51.25,0.009115999999999999,4.07,0.999916,2017-03-25
1240,937.52,53.11,0.010518000000000001,4.08,0.9998959999999999,2017-03-24
1241,1038.59,43.68,0.010582,3.98,1.0,2017-03-23
1242,1049.14,42.34,0.007301,3.94,1.0,2017-03-22
1243,1120.54,43.15,0.006909,4.01,1.0,2017-03-21
1244,1054.23,43.39,0.006975,4.03,1.0,2017-03-20
1245,1036.74,44.74,0.006912000000000001,3.96,1.0,2017-03-19
1246,973.82,34.16,0.00671,3.97,1.0,2017-03-18
1247,1100.23,46.83,0.006116,4.06,1.0,2017-03-17
1248,1187.81,46.35,0.0063939999999999995,4.24,1.0,2017-03-16
1249,1249.61,35.06,0.006314,4.16,1.0,2017-03-15
1250,1240.0,28.65,0.006381,4.06,1.0,2017-03-14
1251,1231.92,28.59,0.006385,4.17,1.0,2017-03-13
1252,1221.38,23.44,0.006255,3.84,1.0,2017-03-12
1253,1175.83,21.47,0.0062380000000000005,3.8,1.0,2017-03-11
1254,1116.72,19.33,0.006227,3.75,0.9999899999999999,2017-03-10
1255,1188.49,17.75,0.006498,3.84,0.999906,2017-03-09
1256,1150.0,16.65,0.006509,3.78,1.0,2017-03-08
1257,1223.54,18.89,0.006534000000000001,3.82,1.0,2017-03-07
1258,1272.83,19.61,0.006057,3.92,1.0,2017-03-06
1259,1267.12,19.3,0.006129,3.9,1.0,2017-03-05
1260,1255.15,18.62,0.006299,3.88,1.0,2017-03-04
1261,1274.99,19.46,0.006339,3.92,1.0,2017-03-03
1262,1251.01,19.03,0.005991,3.92,1.0,2017-03-02
1263,1222.5,17.35,0.005408,3.8,0.9999979999999999,2017-03-01
1264,1179.97,15.82,0.005536,3.77,0.99997,2017-02-28
1265,1179.97,15.4,0.005609,3.8,1.0,2017-02-27
1266,1165.2,14.52,0.005671,3.83,1.0,2017-02-26
1267,1143.84,13.55,0.005665,3.83,1.0,2017-02-25
1268,1173.68,13.07,0.0057009999999999995,3.85,0.9999979999999999,2017-02-24
1269,1166.72,13.12,0.005895,3.84,0.9999969999999999,2017-02-23
1270,1117.44,12.6,0.00586,3.81,0.999967,2017-02-22
1271,1115.3,12.67,0.005832,3.78,0.99976,2017-02-21
1272,1079.98,12.43,0.005873,3.77,0.9999969999999999,2017-02-20
1273,1047.87,12.76,0.005878,3.76,0.999898,2017-02-19
1274,1054.42,12.81,0.005569,3.79,1.0,2017-02-18
1275,1046.21,12.68,0.005935,3.83,1.0,2017-02-17
1276,1027.44,12.9,0.006027,3.79,1.0,2017-02-16
1277,1007.48,12.92,0.006147,3.81,1.0,2017-02-15
1278,1004.55,13.03,0.006278,3.77,1.0,2017-02-14
1279,990.64,11.27,0.006251,3.72,1.0,2017-02-13
1280,999.18,11.4,0.006268999999999999,3.76,0.999999,2017-02-12
1281,1004.45,11.35,0.006333,3.79,0.999999,2017-02-11
1282,988.67,11.28,0.006289,3.78,0.999999,2017-02-10
1283,994.38,11.03,0.006374,3.8,0.999999,2017-02-09
1284,1063.07,11.43,0.006437999999999999,4.02,0.999999,2017-02-08
1285,1061.35,11.52,0.0064069999999999995,4.04,0.999999,2017-02-07
1286,1038.15,11.39,0.00645,4.04,0.9999979999999999,2017-02-06
1287,1027.34,11.35,0.006442,4.04,0.999999,2017-02-05
1288,1042.9,11.43,0.006492,4.06,0.999999,2017-02-04
1289,1029.91,11.11,0.006474,4.08,0.9999979999999999,2017-02-03
1290,1011.8,10.82,0.006469,4.09,0.999994,2017-02-02
1291,989.02,10.73,0.006540000000000001,4.08,0.999999,2017-02-01
1292,970.4,10.73,0.006314,4.08,0.9999969999999999,2017-01-31
1293,920.38,10.57,0.006381,4.02,1.0,2017-01-30
1294,919.5,10.48,0.006402,3.85,1.0,2017-01-29
1295,921.59,10.56,0.006342,3.85,1.0,2017-01-28
1296,919.75,10.54,0.0064150000000000006,3.86,1.0,2017-01-27
1297,917.59,10.59,0.006690000000000001,3.83,1.0,2017-01-26
1298,901.54,10.57,0.006513,3.71,1.0,2017-01-25
1299,892.69,10.63,0.006540000000000001,3.79,1.0,2017-01-24
1300,921.01,10.82,0.006697,3.84,1.0,2017-01-23
1301,924.67,10.7,0.006712999999999999,3.84,1.0,2017-01-22
1302,921.79,10.91,0.006706,3.9,1.0,2017-01-21
1303,895.03,10.6,0.006675,3.89,1.0,2017-01-20
1304,899.07,10.4,0.007034,3.86,1.0,2017-01-19
1305,886.62,10.23,0.0067090000000000006,3.84,1.0,2017-01-18
1306,907.94,10.3,0.0068,3.94,1.0,2017-01-17
1307,831.53,9.64,0.006788,3.9,1.0,2017-01-16
1308,821.8,9.9,0.006726,3.93,1.0,2017-01-15
1309,818.41,9.65,0.006862999999999999,3.9,1.0,2017-01-14
1310,823.98,9.77,0.006595999999999999,3.89,1.0,2017-01-13
1311,804.83,9.86,0.006423000000000001,3.96,1.0,2017-01-12
1312,777.76,9.72,0.006411,3.85,1.0,2017-01-11
1313,907.68,10.55,0.006698000000000001,4.59,1.0,2017-01-10
1314,902.83,10.33,0.006167,4.3,1.0,2017-01-09
1315,911.2,10.29,0.006233,3.99,1.0,2017-01-08
1316,908.59,9.87,0.006365999999999999,3.96,1.0,2017-01-07
1317,902.2,10.25,0.006314999999999999,3.86,1.0,2017-01-06
1318,1013.38,10.25,0.006201,4.29,1.0,2017-01-05
1319,1154.73,11.25,0.00657,4.84,1.0,2017-01-04
1320,1043.84,9.73,0.006386,4.63,1.0,2017-01-03
1321,1021.75,8.38,0.006311,4.65,1.0,2017-01-02
1322,998.33,8.17,0.006368,4.51,1.0,2017-01-01
1323,963.74,7.97,0.006449,4.33,1.0,2016-12-31
1324,961.24,8.16,0.006426,4.39,1.0,2016-12-30
1325,973.5,8.28,0.006340999999999999,4.56,1.0,2016-12-29
1326,975.92,7.52,0.006173,4.57,1.0,2016-12-28
1327,933.2,7.17,0.0061990000000000005,4.47,1.0,2016-12-27
1328,907.61,7.27,0.006326,4.36,1.0,2016-12-26
1329,896.18,7.18,0.006444,4.35,1.0,2016-12-25
1330,898.82,7.27,0.0063490000000000005,4.55,1.0,2016-12-24
1331,921.98,7.17,0.006286,4.66,1.0,2016-12-23
1332,864.54,7.59,0.006363000000000001,3.71,1.0,2016-12-22
1333,834.28,7.91,0.006445,3.65,1.0,2016-12-21
1334,800.88,7.66,0.0065,3.66,1.0,2016-12-20
1335,792.71,7.64,0.0065450000000000005,3.66,1.0,2016-12-19
1336,790.53,7.87,0.006573999999999999,3.68,1.0,2016-12-18
1337,790.83,7.88,0.006541,3.7,1.0,2016-12-17
1338,784.91,7.86,0.00671,3.63,1.0,2016-12-16
1339,778.09,7.83,0.006662,3.62,1.0,2016-12-15
1340,781.48,8.27,0.006705,3.62,1.0,2016-12-14
1341,780.56,8.42,0.0067079999999999996,3.65,1.0,2016-12-13
1342,780.09,8.52,0.006778,3.66,1.0,2016-12-12
1343,769.73,8.19,0.006744,3.64,1.0,2016-12-11
1344,774.65,8.13,0.006816,3.68,1.0,2016-12-10
1345,772.79,8.45,0.007135,3.69,1.0,2016-12-09
1346,770.81,8.23,0.007097,3.69,1.0,2016-12-08
1347,768.13,8.38,0.006851,3.62,1.0,2016-12-07
1348,764.22,7.87,0.0066549999999999995,3.54,1.0,2016-12-06
1349,758.7,6.82,0.0064340000000000005,3.53,1.0,2016-12-05
1350,773.87,7.44,0.006527,3.9,1.0,2016-12-04
1351,771.16,7.92,0.006587999999999999,3.92,1.0,2016-12-03
1352,777.94,7.76,0.006659999999999999,3.95,1.0,2016-12-02
1353,756.77,8.45,0.006702,3.91,1.0,2016-12-01
1354,745.69,8.59,0.006723000000000001,3.89,1.0,2016-11-30
1355,735.6,8.17,0.00678,3.87,1.0,2016-11-29
1356,735.81,8.72,0.0070079999999999995,3.88,1.0,2016-11-28
1357,732.03,9.0,0.0070739999999999996,3.88,1.0,2016-11-27
1358,735.38,9.33,0.007390000000000001,3.89,1.0,2016-11-26
1359,741.65,9.4,0.006901999999999999,3.92,1.0,2016-11-25
1360,740.29,9.23,0.00695,3.91,1.0,2016-11-24
1361,744.59,9.84,0.007061,3.93,1.0,2016-11-23
1362,751.35,9.91,0.0074340000000000005,3.95,1.0,2016-11-22
1363,739.25,9.62,0.007566,3.94,1.0,2016-11-21
1364,731.03,9.58,0.007651000000000001,3.92,1.0,2016-11-20
1365,751.62,9.66,0.0077989999999999995,3.95,1.0,2016-11-19
1366,751.59,9.48,0.007778,3.96,1.0,2016-11-18
1367,740.98,9.99,0.0077269999999999995,3.94,1.0,2016-11-17
1368,744.2,10.06,0.007842,4.02,1.0,2016-11-16
1369,711.62,10.22,0.007881,3.89,1.0,2016-11-15
1370,705.02,9.97,0.008098000000000001,3.88,1.0,2016-11-14
1371,702.03,10.1,0.008256999999999999,3.88,1.0,2016-11-13
1372,705.05,9.88,0.008043999999999999,3.76,1.0,2016-11-12
1373,716.41,10.29,0.008065000000000001,3.82,1.0,2016-11-11
1374,715.53,10.52,0.008136,3.82,0.9999969999999999,2016-11-10
1375,723.27,10.66,0.008079000000000001,3.86,1.0,2016-11-09
1376,709.85,10.83,0.008206,3.84,1.0,2016-11-08
1377,703.13,10.81,0.008108,3.84,1.0,2016-11-07
1378,711.52,10.87,0.008193,3.89,1.0,2016-11-06
1379,703.42,11.0,0.00823,3.87,1.0,2016-11-05
1380,703.23,11.09,0.008157,3.88,1.0,2016-11-04
1381,688.7,10.8,0.008020999999999999,3.86,1.0,2016-11-03
1382,740.83,10.75,0.008222,4.1,1.0,2016-11-02
1383,729.79,10.77,0.008102,4.09,1.0,2016-11-01
1384,700.97,11.0,0.008196,3.99,1.0,2016-10-31
1385,701.86,11.18,0.008014,4.03,1.0,2016-10-30
1386,714.48,10.44,0.007731999999999999,4.09,1.0,2016-10-29
1387,689.65,11.09,0.008143000000000001,3.97,1.0,2016-10-28
1388,688.31,11.5,0.008481,4.02,1.0,2016-10-27
1389,678.3,11.53,0.008834999999999999,3.96,1.0,2016-10-26
1390,657.59,11.41,0.008891,3.9,1.0,2016-10-25
1391,653.76,11.97,0.009065,3.87,1.0,2016-10-24
1392,657.07,12.04,0.009454,3.92,1.0,2016-10-23
1393,657.29,12.07,0.008971999999999999,3.89,1.0,2016-10-22
1394,632.83,12.18,0.009029,3.81,1.0,2016-10-21
1395,630.86,12.1,0.009092,3.78,1.0,2016-10-20
1396,630.52,12.02,0.008627,3.8,1.0,2016-10-19
1397,637.96,12.59,0.00835,3.84,1.0,2016-10-18
1398,639.19,12.01,0.008029999999999999,3.91,1.0,2016-10-17
1399,641.63,11.95,0.008078,3.89,1.0,2016-10-16
1400,638.65,11.98,0.008145999999999999,3.87,1.0,2016-10-15
1401,640.38,11.94,0.008767,3.9,0.999999,2016-10-14
1402,636.79,11.96,0.007982,3.91,1.0,2016-10-13
1403,636.19,11.93,0.007949,3.76,1.0,2016-10-12
1404,641.07,11.79,0.008234,3.82,1.0,2016-10-11
1405,618.99,11.76,0.007978,3.8,1.0,2016-10-10
1406,616.75,12.05,0.007543000000000001,3.82,1.0,2016-10-09
1407,619.11,12.22,0.00731,3.84,1.0,2016-10-08
1408,617.12,12.67,0.007377,3.86,1.0,2016-10-07
1409,613.02,12.85,0.007382,3.85,1.0,2016-10-06
1410,612.51,13.04,0.007435,3.84,1.0,2016-10-05
1411,610.2,13.28,0.007853,3.82,1.0,2016-10-04
1412,612.13,13.45,0.008089,3.84,0.9999979999999999,2016-10-03
1413,610.89,13.2,0.008165,3.84,0.9999979999999999,2016-10-02
1414,613.98,13.17,0.008205,3.85,1.0,2016-10-01
1415,609.73,13.22,0.00883,3.84,1.0,2016-09-30
1416,605.69,13.07,0.008914,3.85,1.0,2016-09-29
1417,604.73,13.27,0.009048,3.84,1.0,2016-09-28
1418,606.17,13.1,0.008229,3.85,1.0,2016-09-27
1419,608.04,12.82,0.007963,3.86,1.0,2016-09-26
1420,600.83,13.1,0.007855,3.81,1.0,2016-09-25
1421,602.63,12.88,0.0073620000000000005,3.81,0.999999,2016-09-24
1422,602.84,13.33,0.0072109999999999995,3.81,0.999999,2016-09-23
1423,596.3,13.25,0.006843000000000001,3.77,0.999999,2016-09-22
1424,597.15,13.77,0.006829000000000001,3.84,0.9999879999999999,2016-09-21
1425,608.31,14.43,0.006784999999999999,3.84,0.999999,2016-09-20
1426,609.23,13.19,0.0068579999999999995,3.83,0.999999,2016-09-19
1427,609.87,12.43,0.006853,4.04,0.999923,2016-09-18
1428,605.98,12.7,0.007018000000000001,3.81,0.999999,2016-09-17
1429,606.97,12.56,0.0074459999999999995,3.81,0.999999,2016-09-16
1430,607.16,11.94,0.008303,3.81,0.999993,2016-09-15
1431,610.68,11.92,0.005961,3.83,1.0,2016-09-14
1432,609.24,11.92,0.005886,3.82,1.0,2016-09-13
1433,608.24,11.89,0.0058969999999999995,3.82,1.0,2016-09-12
1434,606.72,11.64,0.005842,3.86,1.0,2016-09-11
1435,623.51,12.17,0.00587,3.97,1.0,2016-09-10
1436,622.86,11.65,0.005869,3.97,1.0,2016-09-09
1437,626.32,11.35,0.005902,3.99,1.0,2016-09-08
1438,614.54,11.55,0.0058920000000000005,3.97,1.0,2016-09-07
1439,610.44,11.69,0.005912,3.97,1.0,2016-09-06
1440,606.59,11.72,0.005932,3.98,1.0,2016-09-05
1441,608.63,11.68,0.005954,4.01,1.0,2016-09-04
1442,598.21,11.76,0.005964,3.89,1.0,2016-09-03
1443,575.54,12.11,0.0059700000000000005,3.82,1.0,2016-09-02
1444,572.3,11.99,0.005984000000000001,3.83,1.0,2016-09-01
1445,575.47,11.67,0.006012,3.8,1.0,2016-08-31
1446,577.5,11.23,0.006026,3.8,1.0,2016-08-30
1447,574.11,10.98,0.006131,3.76,1.0,2016-08-29
1448,573.91,10.93,0.005963,3.74,1.0,2016-08-28
1449,569.95,11.15,0.005975,3.74,1.0,2016-08-27
1450,579.65,11.3,0.00603,3.83,1.0,2016-08-26
1451,577.76,11.36,0.006079,3.8,1.0,2016-08-25
1452,580.18,11.04,0.006052,3.86,1.0,2016-08-24
1453,583.41,11.03,0.006019,3.93,1.0,2016-08-23
1454,586.75,11.12,0.006,3.66,1.0,2016-08-22
1455,581.31,11.18,0.006052,3.62,1.0,2016-08-21
1456,581.7,11.25,0.006114,3.62,1.0,2016-08-20
1457,575.63,10.75,0.0061189999999999994,3.6,1.0,2016-08-19
1458,574.32,10.76,0.006122,3.61,1.0,2016-08-18
1459,573.22,10.75,0.006109000000000001,3.6,1.0,2016-08-17
1460,577.44,11.14,0.00614,3.64,1.0,2016-08-16
1461,567.24,11.22,0.006045,3.58,0.999999,2016-08-15
1462,570.47,11.19,0.005994,3.65,0.999999,2016-08-14
1463,585.59,11.57,0.006092,3.71,0.999999,2016-08-13
1464,587.56,11.78,0.006123,3.71,0.962058,2016-08-12
1465,589.12,11.69,0.006189,3.74,0.962375,2016-08-11
1466,592.1,12.14,0.006194,3.72,0.97356,2016-08-10
1467,587.8,12.24,0.006163,3.76,0.9995569999999999,2016-08-09
1468,591.05,11.25,0.006027,3.79,0.9995569999999999,2016-08-08
1469,592.69,10.91,0.006178,3.78,0.9995569999999999,2016-08-07
1470,587.78,10.88,0.006337,3.76,0.9995569999999999,2016-08-06
1471,575.04,10.93,0.006447,3.73,0.999833,2016-08-05
1472,578.29,11.04,0.005816,3.75,0.9999959999999999,2016-08-04
1473,566.35,10.29,0.005646,3.72,0.9999959999999999,2016-08-03
1474,547.47,8.79,0.00569,3.64,0.9999950000000001,2016-08-02
1475,606.27,10.94,0.005906000000000001,3.86,0.999999,2016-08-01
1476,624.68,11.88,0.005945000000000001,4.01,0.9999629999999999,2016-07-31
1477,655.05,12.46,0.006121,4.06,1.0,2016-07-30
1478,656.99,12.79,0.006111,4.08,1.0,2016-07-29
1479,655.03,12.84,0.005974,3.97,1.0,2016-07-28
1480,654.35,12.97,0.0059689999999999995,3.96,1.0,2016-07-27
1481,651.78,11.99,0.005998,3.97,1.0,2016-07-26
1482,654.1,13.84,0.006246,4.03,0.999999,2016-07-25
1483,661.28,12.75,0.006286,4.07,1.0,2016-07-24
1484,655.56,14.3,0.0063170000000000006,4.06,1.0,2016-07-23
1485,650.62,14.66,0.0063030000000000004,4.04,1.0,2016-07-22
1486,665.01,12.65,0.006416,4.12,1.0,2016-07-21
1487,665.68,12.45,0.0063950000000000005,4.13,1.0,2016-07-20
1488,672.86,11.62,0.006405,4.15,1.0,2016-07-19
1489,673.11,11.03,0.006481999999999999,4.15,1.0,2016-07-18
1490,679.46,11.16,0.0065379999999999995,4.19,1.0,2016-07-17
1491,660.77,11.65,0.006572,4.13,1.0,2016-07-16
1492,663.26,11.95,0.006442,4.16,1.0,2016-07-15
1493,658.08,11.51,0.006385,4.15,1.0,2016-07-14
1494,654.47,10.5,0.006411,4.14,1.0,2016-07-13
1495,664.55,10.52,0.00635,4.15,1.0,2016-07-12
1496,647.66,10.46,0.006534000000000001,4.09,1.0,2016-07-11
1497,649.36,10.95,0.006673999999999999,4.1,0.999999,2016-07-10
1498,650.96,10.97,0.006679000000000001,4.16,0.999999,2016-07-09
1499,666.52,11.39,0.0067150000000000005,4.22,0.999999,2016-07-08
1500,640.56,10.11,0.0065980000000000006,4.11,0.999991,2016-07-07
1501,677.33,10.53,0.006691,4.47,1.0,2016-07-06
1502,670.63,10.61,0.006698999999999999,4.45,1.0,2016-07-05
1503,683.66,11.47,0.007028,4.54,1.0,2016-07-04
1504,658.66,11.72,0.006606999999999999,4.25,1.0,2016-07-03
1505,703.7,12.13,0.006698999999999999,4.59,1.0,2016-07-02
1506,676.3,12.2,0.0067870000000000005,4.26,1.0,2016-07-01
1507,673.34,12.46,0.006657,4.19,1.0,2016-06-30
1508,639.89,12.61,0.006776999999999999,4.06,1.0,2016-06-29
1509,647.0,12.18,0.006773,4.1,1.0,2016-06-28
1510,655.28,13.88,0.006398,4.12,0.999951,2016-06-27
1511,629.37,13.85,0.0064,4.07,1.0,2016-06-26
1512,665.12,14.28,0.006414,4.23,1.0,2016-06-25
1513,665.3,14.33,0.0064340000000000005,4.28,1.0,2016-06-24
1514,623.98,13.68,0.006381,3.85,1.0,2016-06-23
1515,596.12,13.1,0.006495,3.91,1.0,2016-06-22
1516,666.65,13.31,0.0061719999999999995,4.82,1.0,2016-06-21
1517,737.23,11.84,0.006626000000000001,5.29,1.0,2016-06-20
1518,763.78,12.23,0.006813,5.59,0.999999,2016-06-19
1519,756.23,11.33,0.0066040000000000005,5.56,0.999999,2016-06-18
1520,748.91,15.38,0.006693000000000001,5.59,0.999999,2016-06-17
1521,766.31,20.59,0.0066760000000000005,5.66,0.999999,2016-06-16
1522,694.47,18.35,0.006887000000000001,5.24,1.0,2016-06-15
1523,685.56,18.89,0.007104999999999999,5.2,1.0,2016-06-14
1524,704.38,17.6,0.005824,5.29,1.0,2016-06-13
1525,672.78,15.74,0.005852,5.33,1.0,2016-06-12
1526,606.73,14.19,0.005765999999999999,5.01,1.0,2016-06-11
1527,577.47,13.91,0.005736,4.84,1.0,2016-06-10
1528,574.63,14.4,0.005788000000000001,4.69,1.0,2016-06-09
1529,581.65,14.42,0.00577,4.75,1.0,2016-06-08
1530,576.6,14.51,0.0057799999999999995,4.77,1.0,2016-06-07
1531,585.54,13.93,0.005769,4.96,1.0,2016-06-06
1532,574.98,13.98,0.005796,4.81,1.0,2016-06-05
1533,572.73,13.74,0.0057799999999999995,4.81,1.0,2016-06-04
1534,569.19,13.85,0.005827000000000001,4.86,1.0,2016-06-03
1535,537.97,13.74,0.005765999999999999,4.72,1.0,2016-06-02
1536,536.92,14.0,0.005809,4.74,1.0,2016-06-01
1537,531.39,14.08,0.005706,4.65,1.0,2016-05-31
1538,533.86,12.73,0.005748,4.67,1.0,2016-05-30
1539,526.23,12.35,0.0056619999999999995,4.61,1.0,2016-05-29
1540,530.04,11.89,0.005682,4.7,1.0,2016-05-28
1541,473.46,11.3,0.005679,4.5,1.0,2016-05-27
1542,453.38,12.43,0.0056689999999999996,4.08,1.0,2016-05-26
1543,449.6,12.53,0.005756,4.05,1.0,2016-05-25
1544,445.98,12.73,0.005961999999999999,3.95,1.0,2016-05-24
1545,444.15,13.46,0.005909,3.97,1.0,2016-05-23
1546,439.32,14.29,0.005936,3.93,1.0,2016-05-22
1547,443.19,14.02,0.00599,3.95,1.0,2016-05-21
1548,442.68,13.64,0.006084,3.88,1.0,2016-05-20
1549,438.71,14.77,0.006032,3.83,1.0,2016-05-19
1550,454.62,13.56,0.006028,4.0,1.0,2016-05-18
1551,453.78,12.2,0.006023,3.98,1.0,2016-05-17
1552,454.16,11.17,0.006022,4.01,1.0,2016-05-16
1553,457.57,9.96,0.0060609999999999995,4.06,1.0,2016-05-15
1554,455.67,10.24,0.006072999999999999,4.01,1.0,2016-05-14
1555,455.67,10.51,0.006109000000000001,3.93,1.0,2016-05-13
1556,454.77,10.06,0.006167,3.86,1.0,2016-05-12
1557,452.73,10.0,0.006189,3.88,1.0,2016-05-11
1558,450.89,9.36,0.006272,3.82,1.0,2016-05-10
1559,460.48,9.3,0.006399,4.06,1.0,2016-05-09
1560,458.55,9.48,0.006404000000000001,3.94,1.0,2016-05-08
1561,458.54,9.37,0.006490000000000001,3.95,1.0,2016-05-07
1562,459.6,9.35,0.006399,3.82,1.0,2016-05-06
1563,447.98,9.83,0.006193,3.71,1.0,2016-05-05
1564,446.72,9.41,0.006323,3.75,1.0,2016-05-04
1565,450.3,9.31,0.00656,3.74,1.0,2016-05-03
1566,444.67,10.16,0.006714,3.68,1.0,2016-05-02
1567,451.88,8.85,0.006790999999999999,3.71,1.0,2016-05-01
1568,448.32,8.81,0.006812,3.66,1.0,2016-04-30
1569,455.1,7.46,0.006759,3.81,1.0,2016-04-29
1570,449.01,7.17,0.006686,3.79,1.0,2016-04-28
1571,444.69,7.76,0.006725,3.89,1.0,2016-04-27
1572,466.09,7.4,0.007095000000000001,4.05,1.0,2016-04-26
1573,461.43,7.55,0.0072829999999999995,3.81,1.0,2016-04-25
1574,458.55,8.0,0.0072510000000000005,3.63,1.0,2016-04-24
1575,450.28,8.29,0.007345999999999999,3.33,1.0,2016-04-23
1576,445.74,7.82,0.0072840000000000005,3.32,1.0,2016-04-22
1577,449.42,8.1,0.0074329999999999995,3.35,1.0,2016-04-21
1578,441.39,8.47,0.007244,3.28,1.0,2016-04-20
1579,435.51,8.71,0.007118000000000001,3.29,1.0,2016-04-19
1580,428.59,9.04,0.006987,3.24,1.0,2016-04-18
1581,427.4,9.31,0.006499,3.26,1.0,2016-04-17
1582,430.57,8.61,0.006509999999999999,3.27,1.0,2016-04-16
1583,429.71,8.24,0.006423999999999999,3.28,1.0,2016-04-15
1584,424.28,8.39,0.006289,3.24,1.0,2016-04-14
1585,423.73,8.04,0.005695,3.24,1.0,2016-04-13
1586,425.19,7.44,0.0058850000000000005,3.26,1.0,2016-04-12
1587,422.48,8.64,0.0060479999999999996,3.24,0.9998610000000001,2016-04-11
1588,421.56,8.94,0.005937,3.23,1.0,2016-04-10
1589,419.41,9.15,0.006288,3.22,1.0,2016-04-09
1590,420.35,9.72,0.006670999999999999,3.22,1.0,2016-04-08
1591,422.74,10.07,0.006875,3.25,1.0,2016-04-07
1592,423.41,10.69,0.0072959999999999995,3.26,1.0,2016-04-06
1593,424.03,10.44,0.007474,3.25,1.0,2016-04-05
1594,421.44,11.16,0.007490999999999999,3.25,1.0,2016-04-04
1595,420.9,11.62,0.007503,3.26,1.0,2016-04-03
1596,420.87,11.6,0.007501000000000001,3.26,1.0,2016-04-02
1597,417.96,11.66,0.007418000000000001,3.24,1.0,2016-04-01
1598,416.73,11.4,0.007391,3.26,1.0,2016-03-31
1599,414.82,11.95,0.007331999999999999,3.22,1.0,2016-03-30
1600,416.52,11.66,0.007566,3.23,1.0,2016-03-29
1601,424.23,11.67,0.007564,3.26,1.0,2016-03-28
1602,426.77,10.42,0.008029000000000001,3.3,1.0,2016-03-27
1603,417.95,10.97,0.008066,3.23,1.0,2016-03-26
1604,417.18,10.74,0.008191,3.23,1.0,2016-03-25
1605,416.39,11.23,0.00823,3.22,0.999972,2016-03-24
1606,418.04,12.42,0.008331999999999999,3.24,0.999999,2016-03-23
1607,418.09,11.27,0.00811,3.23,0.999999,2016-03-22
1608,413.31,11.86,0.008047,3.2,0.999999,2016-03-21
1609,413.76,10.32,0.00796,3.21,0.9999979999999999,2016-03-20
1610,410.44,10.53,0.008015999999999999,3.18,0.9999979999999999,2016-03-19
1611,409.55,11.0,0.008119,3.17,0.9999979999999999,2016-03-18
1612,420.62,11.08,0.008287000000000001,3.31,0.999983,2016-03-17
1613,417.01,12.52,0.008178,3.31,1.0,2016-03-16
1614,416.83,13.01,0.008186,3.31,1.0,2016-03-15
1615,416.44,12.45,0.008479,3.3,0.999994,2016-03-14
1616,414.07,14.48,0.008634999999999999,3.31,0.9999180000000001,2016-03-13
1617,411.62,13.53,0.0087,3.29,0.9998950000000001,2016-03-12
1618,421.69,11.08,0.008803,3.38,0.9999950000000001,2016-03-11
1619,417.13,11.31,0.008190000000000001,3.29,0.999994,2016-03-10
1620,414.86,11.9,0.008056,3.28,0.9998950000000001,2016-03-09
1621,413.97,9.85,0.007949,3.25,1.0,2016-03-08
1622,414.32,9.55,0.007918000000000001,3.27,0.9999979999999999,2016-03-07
1623,407.71,11.38,0.007859999999999999,3.22,0.9999979999999999,2016-03-06
1624,400.57,11.0,0.007878,3.19,1.0,2016-03-05
1625,410.94,10.41,0.008095999999999999,3.25,1.0,2016-03-04
1626,421.65,9.29,0.008162,3.32,0.999999,2016-03-03
1627,423.99,8.47,0.008029999999999999,3.37,0.9999620000000001,2016-03-02
1628,435.12,7.65,0.008006000000000001,3.43,0.999991,2016-03-01
1629,437.7,6.34,0.007923000000000001,3.45,1.0,2016-02-29
1630,433.5,6.47,0.007889,3.44,1.0,2016-02-28
1631,432.52,6.43,0.007972,3.41,1.0,2016-02-27
1632,432.15,5.92,0.008058,3.42,1.0,2016-02-26
1633,424.54,6.1,0.008027,3.37,1.0,2016-02-25
1634,424.95,6.24,0.008076,3.37,0.9998440000000001,2016-02-24
1635,420.74,5.59,0.00797,3.4,1.0,2016-02-23
1636,437.75,5.62,0.00805,3.48,1.0,2016-02-22
1637,438.8,4.65,0.0081,3.46,1.0,2016-02-21
1638,437.16,4.34,0.008253,3.46,1.0,2016-02-20
1639,420.79,4.74,0.008245,3.25,1.0,2016-02-19
1640,422.37,4.4,0.007995,3.25,1.0,2016-02-18
1641,416.32,3.76,0.008138,3.24,1.0,2016-02-17
1642,407.49,4.32,0.008451,3.21,1.0,2016-02-16
1643,400.18,5.29,0.008631,3.18,1.0,2016-02-15
1644,407.23,5.24,0.00859,3.21,1.0,2016-02-14
1645,391.86,5.39,0.008256999999999999,3.13,1.0,2016-02-13
1646,384.26,5.55,0.007979,3.11,1.0,2016-02-12
1647,379.65,6.01,0.007815,3.08,1.0,2016-02-11
1648,381.65,4.44,0.007853,3.1,1.0,2016-02-10
1649,376.03,4.04,0.007815,3.08,1.0,2016-02-09
1650,373.45,3.18,0.007991,3.06,1.0,2016-02-08
1651,376.62,2.96,0.008338,3.09,1.0,2016-02-07
1652,376.52,2.53,0.007922,3.1,1.0,2016-02-06
1653,386.55,2.54,0.007262,3.14,1.0,2016-02-05
1654,389.59,2.58,0.0069700000000000005,3.16,1.0,2016-02-04
1655,369.95,2.53,0.006883,3.05,1.0,2016-02-03
1656,374.45,2.44,0.006768000000000001,3.08,1.0,2016-02-02
1657,373.06,2.21,0.006542,3.08,0.999969,2016-02-01
1658,368.77,2.31,0.006399,3.05,0.999999,2016-01-31
1659,378.26,2.45,0.006634,3.08,1.0,2016-01-30
1660,379.47,2.49,0.006840000000000001,3.11,0.999978,2016-01-29
1661,380.29,2.53,0.006226,3.12,0.999999,2016-01-28
1662,394.97,2.39,0.0065060000000000005,3.29,1.0,2016-01-27
1663,392.15,2.28,0.005419,3.15,1.0,2016-01-26
1664,391.73,2.5,0.005135,3.13,1.0,2016-01-25
1665,402.97,2.14,0.005219,3.18,1.0,2016-01-24
1666,387.49,1.97,0.00512,3.1,1.0,2016-01-23
1667,382.49,1.5,0.0051140000000000005,3.08,1.0,2016-01-22
1668,410.26,1.55,0.005313,3.22,1.0,2016-01-21
1669,420.23,1.53,0.005381,3.39,1.0,2016-01-20
1670,380.15,1.37,0.0052710000000000005,3.02,1.0,2016-01-19
1671,387.17,1.43,0.005326,3.05,1.0,2016-01-18
1672,382.3,1.33,0.005266,3.03,1.0,2016-01-17
1673,387.54,1.22,0.005111999999999999,3.09,1.0,2016-01-16
1674,364.33,1.21,0.005229,3.0,1.0,2016-01-15
1675,430.31,1.19,0.005529,3.47,1.0,2016-01-14
1676,432.37,1.13,0.005794,3.48,1.0,2016-01-13
1677,435.69,1.14,0.005854,3.49,1.0,2016-01-12
1678,448.43,1.06,0.005895,3.56,1.0,2016-01-11
1679,447.99,0.999231,0.005956,3.54,1.0,2016-01-10
1680,447.61,0.986833,0.005982,3.56,1.0,2016-01-09
1681,453.23,0.9867889999999999,0.005933,3.57,1.0,2016-01-08
1682,458.05,0.942005,0.006039,3.6,1.0,2016-01-07
1683,429.11,0.95086,0.0060030000000000005,3.45,1.0,2016-01-06
1684,431.96,0.950176,0.006044,3.47,1.0,2016-01-05
1685,433.09,0.9544799999999999,0.005958,3.5,1.0,2016-01-04
1686,430.01,0.9719049999999999,0.006017,3.48,1.0,2016-01-03
1687,433.44,0.937124,0.006065,3.5,1.0,2016-01-02
1688,434.33,0.948024,0.005954999999999999,3.51,1.0,2016-01-01
1689,430.57,0.933542,0.00604,3.48,1.0,2015-12-31
1690,426.62,0.911958,0.006182,3.46,1.0,2015-12-30
1691,432.98,0.8730540000000001,0.0062640000000000005,3.5,1.0,2015-12-29
1692,422.28,0.8450049999999999,0.00634,3.47,1.0,2015-12-28
1693,422.82,0.8563649999999999,0.006343,3.48,1.0,2015-12-27
1694,417.27,0.8546030000000001,0.006174,3.42,1.0,2015-12-26
1695,455.65,0.8703629999999999,0.006487000000000001,3.62,1.0,2015-12-25
1696,454.98,0.8632620000000001,0.005971,3.64,1.0,2015-12-24
1697,442.4,0.8580770000000001,0.006021,3.58,1.0,2015-12-23
1698,436.57,0.864202,0.006193,3.42,0.999801,2015-12-22
1699,438.64,0.9007709999999999,0.006268999999999999,3.46,0.999864,2015-12-21
1700,442.68,0.903885,0.006235,3.54,1.0,2015-12-20
1701,462.32,0.9080719999999999,0.006291,3.72,1.0,2015-12-19
1702,463.62,0.920127,0.0063869999999999994,3.76,1.0,2015-12-18
1703,456.08,0.940701,0.006693999999999999,3.74,1.0,2015-12-17
1704,454.93,0.991182,0.006755,3.7,1.0,2015-12-16
1705,465.32,1.01,0.006684000000000001,3.83,1.0,2015-12-15
1706,444.18,0.993022,0.007614,3.61,1.0,2015-12-14
1707,433.76,0.9528840000000001,0.008779,3.63,1.0,2015-12-13
1708,435.0,0.976973,0.008536,3.61,1.0,2015-12-12
1709,451.94,0.9297620000000001,0.008440999999999999,3.84,1.0,2015-12-11
1710,415.48,0.8403959999999999,0.008444,3.66,1.0,2015-12-10
1711,417.56,0.792167,0.008523000000000001,3.67,1.0,2015-12-09
1712,415.56,0.822118,0.006775,3.69,1.0,2015-12-08
1713,395.54,0.811264,0.00556,3.65,1.0,2015-12-07
1714,388.78,0.8355,0.005344,3.47,1.0,2015-12-06
1715,388.95,0.8624379999999999,0.005301,3.52,1.0,2015-12-05
1716,363.18,0.840041,0.0047539999999999995,3.36,1.0,2015-12-04
1717,361.05,0.8121430000000001,0.004262,3.38,1.0,2015-12-03
1718,359.19,0.82121,0.004173,3.34,1.0,2015-12-02
1719,362.49,0.8748,0.00409,3.43,0.999993,2015-12-01
1720,377.32,0.8731190000000001,0.004201,3.62,1.0,2015-11-30
1721,371.29,0.8786139999999999,0.004299,3.67,1.0,2015-11-29
1722,357.38,0.915703,0.0042380000000000004,3.52,1.0,2015-11-28
1723,358.04,0.867951,0.004275999999999999,3.58,1.0,2015-11-27
1724,352.68,0.8841829999999999,0.004291,3.61,1.0,2015-11-26
1725,328.21,0.8635370000000001,0.004318,3.34,1.0,2015-11-25
1726,320.05,0.900191,0.004242,3.11,1.0,2015-11-24
1727,323.05,0.9469690000000001,0.004288,3.12,1.0,2015-11-23
1728,324.54,0.968018,0.004267,3.14,1.0,2015-11-22
1729,326.93,0.97614,0.0042450000000000005,3.15,1.0,2015-11-21
1730,322.02,0.9249200000000001,0.004227000000000001,3.12,1.0,2015-11-20
1731,326.15,0.9555319999999999,0.004222,3.13,1.0,2015-11-19
1732,334.59,0.9933190000000001,0.004258,3.19,1.0,2015-11-18
1733,335.09,1.01,0.00425,3.2,1.0,2015-11-17
1734,330.75,0.9289620000000001,0.004234,3.19,1.0,2015-11-16
1735,320.17,0.9063680000000001,0.004164999999999999,3.07,1.0,2015-11-15
1736,332.91,0.888812,0.004328,3.19,1.0,2015-11-14
1737,336.75,0.9040959999999999,0.004477,3.23,1.0,2015-11-13
1738,338.15,0.895711,0.004541,3.28,1.0,2015-11-12
1739,311.08,0.791829,0.004264,2.97,1.0,2015-11-11
1740,336.82,0.934348,0.004406,3.12,1.0,2015-11-10
1741,380.26,0.9992780000000001,0.004609,3.4,1.0,2015-11-09
1742,373.37,1.03,0.004647,3.42,1.0,2015-11-08
1743,386.48,0.927974,0.004693999999999999,3.6,1.0,2015-11-07
1744,374.47,0.926032,0.004562,3.55,1.0,2015-11-06
1745,386.35,0.8956370000000001,0.0045060000000000005,3.96,1.0,2015-11-05
1746,411.56,0.89905,0.004947,4.23,1.0,2015-11-04
1747,403.42,1.01,0.005383,4.59,1.0,2015-11-03
1748,361.19,0.9897889999999999,0.005156,4.16,1.0,2015-11-02
1749,325.43,1.06,0.004901,3.96,1.0,2015-11-01
1750,314.17,0.9166270000000001,0.004686999999999999,3.8,1.0,2015-10-31
1751,328.02,1.04,0.004839,4.06,1.0,2015-10-30
1752,313.86,1.21,0.004634,3.78,1.0,2015-10-29
1753,304.62,1.0,0.004675,3.1,1.0,2015-10-28
1754,293.79,0.869641,0.004649,3.09,1.0,2015-10-27
1755,285.3,0.731317,0.004675,3.1,1.0,2015-10-26
1756,283.68,0.616039,0.004556,3.07,1.0,2015-10-25
1757,281.65,0.5635899999999999,0.0046619999999999995,3.1,1.0,2015-10-24
1758,276.5,0.5396569999999999,0.004677000000000001,3.11,1.0,2015-10-23
1759,274.02,0.567702,0.004723,3.11,1.0,2015-10-22
1760,266.27,0.447329,0.004697,3.08,1.0,2015-10-21
1761,269.46,0.434829,0.004731,3.09,1.0,2015-10-20
1762,263.44,0.48901400000000006,0.005043,3.05,1.0,2015-10-19
1763,261.64,0.517734,0.004979,3.02,1.0,2015-10-18
1764,270.64,0.5471779999999999,0.005203,3.07,1.0,2015-10-17
1765,262.87,0.5364949999999999,0.005398,3.11,1.0,2015-10-16
1766,254.32,0.561878,0.005399,3.1,1.0,2015-10-15
1767,251.99,0.522968,0.005418,3.14,1.0,2015-10-14
1768,249.51,0.6076550000000001,0.005377000000000001,3.18,1.0,2015-10-13
1769,245.31,0.62603,0.00526,3.14,1.0,2015-10-12
1770,247.05,0.634963,0.005182,3.15,1.0,2015-10-11
1771,244.94,0.627857,0.005037,3.11,1.0,2015-10-10
1772,243.93,0.650628,0.004983,3.11,1.0,2015-10-09
1773,242.3,0.6217159999999999,0.005031,3.06,1.0,2015-10-08
1774,242.97,0.609388,0.005375,3.06,1.0,2015-10-07
1775,246.06,0.650645,0.005328,3.15,1.0,2015-10-06
1776,240.38,0.6286430000000001,0.005007999999999999,3.02,1.0,2015-10-05
1777,238.26,0.668379,0.005236,3.01,1.0,2015-10-04
1778,238.73,0.687171,0.005517,3.03,1.0,2015-10-03
1779,237.29,0.678574,0.005868,2.99,1.0,2015-10-02
1780,237.55,0.6902149999999999,0.005448,3.0,1.0,2015-10-01
1781,236.06,0.738644,0.005520000000000001,3.01,1.0,2015-09-30
1782,236.69,0.661146,0.005579,2.97,1.0,2015-09-29
1783,239.14,0.582886,0.006293,3.07,1.0,2015-09-28
1784,232.76,0.720839,0.006536,2.87,1.0,2015-09-27
1785,234.34,0.785964,0.006501000000000001,2.89,1.0,2015-09-26
1786,235.14,0.736223,0.00665,2.89,1.0,2015-09-25
1787,234.53,0.81361,0.00671,2.93,1.0,2015-09-24
1788,230.28,0.8934059999999999,0.006668,2.87,1.0,2015-09-23
1789,230.62,0.9017959999999999,0.007168000000000001,2.84,1.0,2015-09-22
1790,227.09,0.919047,0.007247,2.8,1.0,2015-09-21
1791,231.21,0.9384450000000001,0.0076370000000000006,2.85,1.0,2015-09-20
1792,231.49,0.882391,0.007481999999999999,2.87,1.0,2015-09-19
1793,232.98,0.853685,0.007529000000000001,2.96,1.0,2015-09-18
1794,229.81,0.874231,0.007372,2.91,1.0,2015-09-17
1795,229.09,0.907175,0.007426,2.8,1.0,2015-09-16
1796,230.3,0.9444100000000001,0.00772,2.82,1.0,2015-09-15
1797,230.64,0.8756219999999999,0.007404000000000001,2.84,1.0,2015-09-14
1798,230.51,0.936003,0.008532,2.82,1.0,2015-09-13
1799,235.23,1.04,0.008197,2.83,1.0,2015-09-12
1800,240.11,0.982978,0.008444,2.96,1.0,2015-09-11
1801,238.48,1.17,0.007663,2.95,1.0,2015-09-10
1802,238.17,1.21,0.007678,2.92,1.0,2015-09-09
1803,243.61,1.24,0.007831,3.05,1.0,2015-09-08
1804,239.85,1.25,0.007918000000000001,3.05,1.0,2015-09-07
1805,239.84,1.3,0.007891,3.05,1.0,2015-09-06
1806,235.02,1.34,0.007859999999999999,2.92,1.0,2015-09-05
1807,230.3,1.27,0.0073549999999999996,2.7,1.0,2015-09-04
1808,227.18,1.26,0.007431,2.63,1.0,2015-09-03
1809,229.28,1.29,0.0077,2.8,1.0,2015-09-02
1810,228.12,1.35,0.007815,2.82,1.0,2015-09-01
1811,230.06,1.36,0.007884,2.84,1.0,2015-08-31
1812,228.76,1.32,0.00805,2.85,1.0,2015-08-30
1813,229.78,1.18,0.007751000000000001,2.88,1.0,2015-08-29
1814,231.4,1.19,0.0074329999999999995,2.91,1.0,2015-08-28
1815,224.77,1.15,0.007551,2.87,1.0,2015-08-27
1816,225.83,1.16,0.007492,2.95,1.0,2015-08-26
1817,221.61,1.14,0.007126,2.94,1.0,2015-08-25
1818,210.49,1.23,0.007397,2.99,1.0,2015-08-24
1819,228.17,1.35,0.007552,3.39,1.0,2015-08-23
1820,230.39,1.38,0.007722,3.51,1.0,2015-08-22
1821,232.57,1.4,0.007881,3.57,1.0,2015-08-21
1822,235.35,1.46,0.007872,3.61,1.0,2015-08-20
1823,226.68,1.26,0.007758,3.48,1.0,2015-08-19
1824,211.08,1.09,0.007552,3.47,1.0,2015-08-18
1825,257.98,1.2,0.008301000000000001,3.98,1.0,2015-08-17
1826,258.51,1.57,0.008315000000000001,3.95,1.0,2015-08-16
1827,261.55,1.69,0.00842,3.93,1.0,2015-08-15
1828,265.68,1.83,0.008337,4.03,1.0,2015-08-14
1829,264.08,1.83,0.008147,3.88,1.0,2015-08-13
1830,266.38,1.22,0.008270999999999999,3.99,1.0,2015-08-12
1831,270.39,1.07,0.008591,4.16,1.0,2015-08-11
1832,264.47,0.708448,0.00875,3.95,1.0,2015-08-10
1833,265.08,0.701897,0.008808,3.9,1.0,2015-08-09
1834,261.0,0.753325,0.008476000000000001,3.85,1.0,2015-08-08
1835,279.58,2.77,0.008152,4.21,1.0,2015-08-07
